id,collection_date,lineage,epi_week,location
MILK-9F1801,25/09/2020,B.1.146,39,UK/ENG
QEUH-9F762F,25/09/2020,B.1.1,39,UK/ENG
QEUH-9F491A,25/09/2020,B.1.1.307,39,UK/ENG
QEUH-9F4929,25/09/2020,B.1.1.192,39,UK/ENG
QEUH-9F4974,25/09/2020,B.1.235,39,UK/ENG
QEUH-9F5973,25/09/2020,B.1.235,39,UK/ENG
QEUH-9F59A0,25/09/2020,B.1.235,39,UK/ENG
QEUH-9F6435,25/09/2020,B.1.1.315,39,UK/ENG
QEUH-9F9ECB,27/09/2020,B.1.1,40,UK/ENG
QEUH-9F7D1B,27/09/2020,B.1.1.37,40,UK/ENG
QEUH-9F8776,27/09/2020,B.1.1.37,40,UK/ENG
QEUH-9F9CB2,27/09/2020,B.1.177,40,UK/ENG
QEUH-9FAB87,28/09/2020,B.1.1.307,40,UK/ENG
QEUH-9FADDC,28/09/2020,B.1.1.198,40,UK/ENG
QEUH-A1E454,29/09/2020,B.1.146,40,UK/ENG
MILK-A05A30,29/09/2020,B.1.177.4,40,UK/ENG
QEUH-9FF8A9,30/09/2020,B.1.1,40,UK/ENG
QEUH-A008B3,30/09/2020,B.1.1,40,UK/ENG
QEUH-A0C055,30/09/2020,B.1.177.17,40,UK/ENG
QEUH-A017A6,30/09/2020,B.1.177,40,UK/ENG
MILK-A05FAA,01/10/2020,B.1.36.6,40,UK/ENG
MILK-A06A5D,01/10/2020,B.1.160,40,UK/ENG
MILK-A06A7B,01/10/2020,B.1.160,40,UK/ENG
MILK-A06A99,01/10/2020,B.1.1.37,40,UK/ENG
QEUH-A202EC,01/10/2020,B.1.1.315,40,UK/ENG
QEUH-A0AAD1,01/10/2020,B.1.177,40,UK/ENG
QEUH-A2139D,01/10/2020,B.1.258.4,40,UK/ENG
MILK-A06264,01/10/2020,B.1.177,40,UK/ENG
QEUH-A0B092,01/10/2020,B.1.177.4,40,UK/ENG
MILK-A17DE7,01/10/2020,B.1.258,40,UK/ENG
MILK-A17E02,01/10/2020,B.1.258,40,UK/ENG
QEUH-A005AD,02/10/2020,B.1.1.37,40,UK/ENG
CAMB-1B675E,03/10/2020,B.1.177.13,40,UK/ENG
CAMB-1B66F7,03/10/2020,B.1.1,40,UK/ENG
MILK-A1B74F,03/10/2020,B.1.1,40,UK/ENG
MILK-A1D1E5,03/10/2020,B.1.1,40,UK/ENG
MILK-A23A1E,03/10/2020,B.1.1.307,40,UK/ENG
MILK-A22A00,03/10/2020,B.1.1.307,40,UK/ENG
MILK-A22A2E,03/10/2020,B.1.1.307,40,UK/ENG
MILK-A229E5,03/10/2020,B.1.1.279,40,UK/ENG
MILK-A1D200,03/10/2020,B.1.177,40,UK/ENG
CAMC-A3F6A2,04/10/2020,B.1.235,41,UK/ENG
CAMC-A41E2D,04/10/2020,B.1.235,41,UK/ENG
QEUH-A33705,04/10/2020,B.1.177.17,41,UK/ENG
QEUH-A4D313,04/10/2020,B.1.177,41,UK/ENG
QEUH-A4D489,05/10/2020,B.1,41,UK/ENG
QEUH-A4B078,05/10/2020,B.1.177,41,UK/ENG
QEUH-A49B88,05/10/2020,B.1.177.16,41,UK/ENG
ALDP-A2F97F,05/10/2020,B.1.177,41,UK/ENG
MILK-A44C02,05/10/2020,B.1.177,41,UK/ENG
QEUH-A492CF,05/10/2020,B.1.177,41,UK/ENG
QEUH-A4B069,05/10/2020,B.1.177,41,UK/ENG
MILK-A45023,06/10/2020,B.1.221,41,UK/ENG
MILK-A45041,06/10/2020,B.1.221,41,UK/ENG
MILK-A457B5,06/10/2020,B.1.221,41,UK/ENG
MILK-A44DD2,06/10/2020,B.1.146,41,UK/ENG
MILK-A45A43,06/10/2020,B.1.235,41,UK/ENG
MILK-A47F60,06/10/2020,B.1.235,41,UK/ENG
MILK-A45F26,06/10/2020,B.1.1.315,41,UK/ENG
MILK-A45D59,06/10/2020,B.1.1.153,41,UK/ENG
MILK-A461F2,06/10/2020,B.1.1.198,41,UK/ENG
MILK-A459FB,06/10/2020,B.1.1.1,41,UK/ENG
MILK-A45A61,06/10/2020,B.1.1.1,41,UK/ENG
MILK-A47F8E,06/10/2020,B.1.1.1,41,UK/ENG
MILK-A4620E,06/10/2020,B.1.177.10,41,UK/ENG
MILK-A46F34,06/10/2020,B.1.177,41,UK/ENG
MILK-A44E48,06/10/2020,B.1.177,41,UK/ENG
MILK-A45858,06/10/2020,B.1.177,41,UK/ENG
MILK-A47012,06/10/2020,B.1.177,41,UK/ENG
MILK-A44E0C,06/10/2020,B.1.177.6,41,UK/ENG
MILK-A45032,06/10/2020,B.1.177.4,41,UK/ENG
MILK-A45F35,06/10/2020,B.1.177.4,41,UK/ENG
MILK-A45F53,06/10/2020,B.1.177.4,41,UK/ENG
MILK-A4607D,06/10/2020,B.1.177.4,41,UK/ENG
MILK-A44E75,06/10/2020,B.1.258,41,UK/ENG
CAMB-1B69D0,07/10/2020,B.1.36.17,41,UK/ENG
CAMB-1B6958,07/10/2020,B.1.177.4,41,UK/ENG
ALDP-A51D0F,07/10/2020,B.1.1.236,41,UK/ENG
CAMC-A41151,07/10/2020,B.1.1.307,41,UK/ENG
ALDP-A51060,07/10/2020,B.1.1.307,41,UK/ENG
QEUH-A4D252,07/10/2020,B.1.1.37,41,UK/ENG
CAMC-A58421,07/10/2020,B.1.177,41,UK/ENG
CAMC-A58922,08/10/2020,B.1.36,41,UK/ENG
CAMC-A59208,08/10/2020,B.1.1.311,41,UK/ENG
UC00000204,08/10/2020,B.1.160.7,41,UK/ENG
UC00002442,08/10/2020,B.1.177.7,41,UK/ENG
UC00002130,08/10/2020,B.1.177,41,UK/ENG
MILK-A6AD30,09/10/2020,B.1.160,41,UK/ENG
MILK-A6AEC4,09/10/2020,B.1.160,41,UK/ENG
CAMC-A590C2,09/10/2020,B.1.1.279,41,UK/ENG
CAMC-A596C0,09/10/2020,B.1.177,41,UK/ENG
CAMC-A59657,09/10/2020,B.1.177,41,UK/ENG
ALDP-A67595,09/10/2020,B.1.177,41,UK/ENG
UC00002529,09/10/2020,B.1.160.7,41,UK/ENG
UC00002669,09/10/2020,B.1.160.7,41,UK/ENG
UC00001136,09/10/2020,B.1.1.307,41,UK/ENG
NORW-F05F5,10/10/2020,B.1.36.9,41,UK/ENG
MILK-A6B0DC,10/10/2020,B.1.36,41,UK/ENG
CAMC-A666A2,11/10/2020,B.1.5,42,UK/ENG
CAMC-A65DDB,11/10/2020,B.1.36,42,UK/ENG
CAMC-A6538E,11/10/2020,B.1.1.311,42,UK/ENG
CAMC-A65CFC,11/10/2020,B.1.1.311,42,UK/ENG
CAMC-A6548B,11/10/2020,B.1.1.279,42,UK/ENG
CAMC-A65D62,11/10/2020,B.1.1.279,42,UK/ENG
CAMC-A65D53,11/10/2020,B.1.1,42,UK/ENG
CAMC-A653AC,11/10/2020,B.1.1.105,42,UK/ENG
CAMC-A65F6C,11/10/2020,B.1.177,42,UK/ENG
CAMC-A65D71,11/10/2020,B.1.177,42,UK/ENG
CAMC-A65DCC,11/10/2020,B.1.177,42,UK/ENG
CAMC-A6651E,11/10/2020,B.1.177,42,UK/ENG
CAMC-A653BB,11/10/2020,B.1.177,42,UK/ENG
CAMB-1B6BDA,12/10/2020,B.1.1.37,42,UK/ENG
CAMB-1B6D7A,12/10/2020,B.1.1.198,42,UK/ENG
QEUH-A7886B,12/10/2020,B.1.177,42,UK/ENG
QEUH-A6222A,12/10/2020,B.1.177.10,42,UK/ENG
CAMB-1B6D10,13/10/2020,B.1.177.9,42,UK/ENG
MILK-A7DAAC,13/10/2020,B.1.1.279,42,UK/ENG
MILK-A7986A,13/10/2020,B.1.177.10,42,UK/ENG
MILK-A7CDC2,13/10/2020,B.1.177.10,42,UK/ENG
CAMC-A810FE,13/10/2020,B.1.177.20,42,UK/ENG
QEUH-A763E4,13/10/2020,B.1.177,42,UK/ENG
CAMB-1B85BC,13/10/2020,B.1.36,42,UK/ENG
CAMB-1B7F64,13/10/2020,B.1.36,42,UK/ENG
CAMB-1B7EC1,13/10/2020,B.1.36,42,UK/ENG
CAMB-1B8534,13/10/2020,B.1.36,42,UK/ENG
CAMB-1B7E85,13/10/2020,B.1.36,42,UK/ENG
CAMB-1B7DC4,13/10/2020,B.1.36,42,UK/ENG
CAMB-1B7D88,13/10/2020,B.1.36,42,UK/ENG
CAMB-1B7D6A,13/10/2020,B.1.36,42,UK/ENG
CAMB-1B7D4C,13/10/2020,B.1.36,42,UK/ENG
CAMB-1B7D00,13/10/2020,B.1.36,42,UK/ENG
CAMB-1B7FCE,13/10/2020,B.1.160.7,42,UK/ENG
CAMB-1B7F82,13/10/2020,B.1.160.7,42,UK/ENG
CAMB-1B7F28,13/10/2020,B.1.160.7,42,UK/ENG
CAMB-1B7F0A,13/10/2020,B.1.160.7,42,UK/ENG
CAMB-1B7E67,13/10/2020,B.1.160.7,42,UK/ENG
CAMB-1B7E2B,13/10/2020,B.1.160.7,42,UK/ENG
CAMB-1B8516,13/10/2020,B.1.160.7,42,UK/ENG
CAMB-1B7D2E,13/10/2020,B.1.160.7,42,UK/ENG
CAMB-1B84FB,13/10/2020,B.1.160.7,42,UK/ENG
CAMB-1B7DA6,13/10/2020,B.1.1.153,42,UK/ENG
CAMB-1B7EA3,13/10/2020,B.1.177,42,UK/ENG
CAMB-1B8570,13/10/2020,B.1.177.16,42,UK/ENG
CAMB-1B8552,13/10/2020,B.1.177.16,42,UK/ENG
CAMB-1B7FA0,13/10/2020,B.1.177.16,42,UK/ENG
CAMB-1B7E49,13/10/2020,B.1.177,42,UK/ENG
CAMB-1B7E0D,13/10/2020,B.1.177,42,UK/ENG
CAMB-1B859E,13/10/2020,B.1.258,42,UK/ENG
CAMC-A810A3,14/10/2020,B.1.221,42,UK/ENG
NORW-F0C4B,14/10/2020,B.1.36,42,UK/ENG
ALDP-A6D91B,14/10/2020,B.1.177,42,UK/ENG
CAMB-1B8543,14/10/2020,B.1.36.17,42,UK/ENG
CAMB-1B85CB,14/10/2020,B.1.36,42,UK/ENG
CAMB-1B85AD,14/10/2020,B.1.36,42,UK/ENG
CAMB-1B7DB5,14/10/2020,B.1.36,42,UK/ENG
CAMB-1B7E76,14/10/2020,B.1.36,42,UK/ENG
CAMB-1B7CF4,14/10/2020,B.1.36,42,UK/ENG
CAMB-1B7E1C,14/10/2020,B.1.160.7,42,UK/ENG
CAMB-1B7DF1,14/10/2020,B.1.160.7,42,UK/ENG
CAMB-1B8561,14/10/2020,B.1.160.7,42,UK/ENG
CAMB-1B8525,14/10/2020,B.1.160.7,42,UK/ENG
CAMB-1B7D97,14/10/2020,B.1.160.7,42,UK/ENG
CAMB-1B7D79,14/10/2020,B.1.160.7,42,UK/ENG
CAMB-1B7D5B,14/10/2020,B.1.160.7,42,UK/ENG
CAMB-1B7EB2,14/10/2020,B.1.160.7,42,UK/ENG
CAMB-1B7E94,14/10/2020,B.1.160.7,42,UK/ENG
CAMB-1B858F,14/10/2020,B.1.1.153,42,UK/ENG
CAMB-1B7E58,14/10/2020,B.1.177.16,42,UK/ENG
CAMB-1B7E3A,14/10/2020,B.1.177.16,42,UK/ENG
CAMB-1B8507,14/10/2020,B.1.177.16,42,UK/ENG
CAMB-1B7ED0,14/10/2020,B.1.177.16,42,UK/ENG
CAMB-1B7D3D,14/10/2020,B.1.177.16,42,UK/ENG
CAMB-1B7DD3,14/10/2020,B.1.177,42,UK/ENG
CAMB-1B7D1F,14/10/2020,B.1.177,42,UK/ENG
CAMB-1B7016,15/10/2020,B.1.177.4,42,UK/ENG
MILK-A7BF18,15/10/2020,B.1.1.311,42,UK/ENG
MILK-A79FED,15/10/2020,B.1.1.307,42,UK/ENG
MILK-A7BA9F,15/10/2020,B.1.177,42,UK/ENG
ALDP-A6DD6A,15/10/2020,B.1.177,42,UK/ENG
MILK-A7B543,15/10/2020,B.1.177,42,UK/ENG
MILK-A7B9B0,15/10/2020,B.1.177,42,UK/ENG
CAMB-1B8437,15/10/2020,B.1.36,42,UK/ENG
CAMB-1B8419,15/10/2020,B.1.36,42,UK/ENG
CAMB-1B83FE,15/10/2020,B.1.36,42,UK/ENG
CAMB-1B83B2,15/10/2020,B.1.36,42,UK/ENG
CAMB-1B80F7,15/10/2020,B.1.160.7,42,UK/ENG
CAMB-1B7F91,15/10/2020,B.1.160.7,42,UK/ENG
CAMB-1B83D0,15/10/2020,B.1.160.7,42,UK/ENG
CAMB-1B80D9,15/10/2020,B.1.160.7,42,UK/ENG
CAMB-1B809D,15/10/2020,B.1.160.7,42,UK/ENG
CAMB-1B807F,15/10/2020,B.1.160.7,42,UK/ENG
CAMB-1B7F19,15/10/2020,B.1.160.7,42,UK/ENG
CAMB-1B8051,15/10/2020,B.1.160.7,42,UK/ENG
CAMB-1B8015,15/10/2020,B.1.160.7,42,UK/ENG
CAMB-1B7FFB,15/10/2020,B.1.160.7,42,UK/ENG
CAMB-1B7FDD,15/10/2020,B.1.177.16,42,UK/ENG
CAMB-1B7FBF,15/10/2020,B.1.177.16,42,UK/ENG
CAMB-1B7F55,15/10/2020,B.1.177.16,42,UK/ENG
CAMB-1B7F37,15/10/2020,B.1.177.16,42,UK/ENG
CAMB-1B80BB,15/10/2020,B.1.258,42,UK/ENG
CAMB-1B8033,15/10/2020,B.1.258.11,42,UK/ENG
CAMB-1B6FFC,16/10/2020,B.1.36.9,42,UK/ENG
MILK-A8EF30,16/10/2020,B.1.177,42,UK/ENG
CAMB-1B84DD,16/10/2020,B.1.5,42,UK/ENG
CAMB-1B8455,16/10/2020,B.1.160.7,42,UK/ENG
CAMB-1B8491,16/10/2020,B.1.177.16,42,UK/ENG
CAMB-1B6ED1,17/10/2020,B.1.177,42,UK/ENG
MILK-A913E3,17/10/2020,B.1.1.301,42,UK/ENG
MILK-A9142C,17/10/2020,B.1.177,42,UK/ENG
CAMB-1B731D,19/10/2020,B.1.177,43,UK/ENG
CAMB-1B7CD6,19/10/2020,B.1.1.301,43,UK/ENG
CAMB-1B7CB8,19/10/2020,B.1.177,43,UK/ENG
ALDP-A93A46,19/10/2020,B.1.177,43,UK/ENG
MILK-A919C3,19/10/2020,B.1.177.4,43,UK/ENG
CAMB-1B8130,19/10/2020,B.1.36,43,UK/ENG
CAMB-1B8446,19/10/2020,B.1.36,43,UK/ENG
CAMB-1B8428,19/10/2020,B.1.36,43,UK/ENG
CAMB-1B83EF,19/10/2020,B.1.36,43,UK/ENG
CAMB-1B81D6,19/10/2020,B.1.36,43,UK/ENG
CAMB-1B833A,19/10/2020,B.1.36,43,UK/ENG
CAMB-1B8482,19/10/2020,B.1.36,43,UK/ENG
CAMB-1B82D3,19/10/2020,B.1.36,43,UK/ENG
CAMB-1B815E,19/10/2020,B.1.36,43,UK/ENG
CAMB-1B8297,19/10/2020,B.1.160.7,43,UK/ENG
CAMB-1B8279,19/10/2020,B.1.160.7,43,UK/ENG
CAMB-1B823D,19/10/2020,B.1.160.7,43,UK/ENG
CAMB-1B821F,19/10/2020,B.1.160.7,43,UK/ENG
CAMB-1B83A3,19/10/2020,B.1.160.7,43,UK/ENG
CAMB-1B81F4,19/10/2020,B.1.160.7,43,UK/ENG
CAMB-1B8385,19/10/2020,B.1.160.7,43,UK/ENG
CAMB-1B84EC,19/10/2020,B.1.160.7,43,UK/ENG
CAMB-1B81B8,19/10/2020,B.1.160.7,43,UK/ENG
CAMB-1B8349,19/10/2020,B.1.160.7,43,UK/ENG
CAMB-1B819A,19/10/2020,B.1.160.7,43,UK/ENG
CAMB-1B84A0,19/10/2020,B.1.160.7,43,UK/ENG
CAMB-1B82F1,19/10/2020,B.1.160.7,43,UK/ENG
CAMB-1B830D,19/10/2020,B.1.160.7,43,UK/ENG
MILK-AC7733,19/10/2020,B.1.160.7,43,UK/ENG
CAMB-1B83C1,19/10/2020,B.1.177.17,43,UK/ENG
CAMB-1B82B5,19/10/2020,B.1.177.16,43,UK/ENG
CAMB-1B8376,19/10/2020,B.1.177.16,43,UK/ENG
CAMB-1B84CE,19/10/2020,B.1.177.16,43,UK/ENG
CAMB-1B832B,19/10/2020,B.1.177.16,43,UK/ENG
CAMB-1B817C,19/10/2020,B.1.177.16,43,UK/ENG
CAMB-1B7C9A,19/10/2020,B.1.177,43,UK/ENG
CAMB-1B82C4,19/10/2020,B.1.177,43,UK/ENG
CAMB-1B840A,19/10/2020,B.1.177,43,UK/ENG
CAMB-1B8394,19/10/2020,B.1.177,43,UK/ENG
CAMB-1B8358,19/10/2020,B.1.177,43,UK/ENG
CAMB-1B8367,19/10/2020,B.1.177,43,UK/ENG
CAMB-1B831C,19/10/2020,B.1.177,43,UK/ENG
CAMB-1B8464,19/10/2020,B.1.177,43,UK/ENG
MILK-AC7618,20/10/2020,B.1.221,43,UK/ENG
QEUH-A9F50D,20/10/2020,B.1.177.6,43,UK/ENG
QEUH-AAC78F,21/10/2020,B.1.36.17,43,UK/ENG
MILK-ACE796,21/10/2020,B.1.160.7,43,UK/ENG
MILK-ACD041,21/10/2020,B.1.1.307,43,UK/ENG
MILK-AB8E6D,21/10/2020,B.1.177,43,UK/ENG
MILK-ACDE38,21/10/2020,B.1.177,43,UK/ENG
CAMC-AAF546,21/10/2020,B.1.177,43,UK/ENG
MILK-B14E8C,21/10/2020,B.1.177,43,UK/ENG
MILK-ACE013,21/10/2020,B.1.177.4,43,UK/ENG
MILK-ACFEEB,22/10/2020,B.1.177.10,43,UK/ENG
CAMB-1B7CE5,22/10/2020,B.1.177,43,UK/ENG
ALDP-AA1571,22/10/2020,B.1.177,43,UK/ENG
MILK-B14772,22/10/2020,B.1.177.7,43,UK/ENG
CAMB-1B826A,22/10/2020,B.1.36,43,UK/ENG
CAMB-1B822E,22/10/2020,B.1.36,43,UK/ENG
CAMB-1B82A6,22/10/2020,B.1.160.7,43,UK/ENG
CAMB-1B8288,22/10/2020,B.1.160.7,43,UK/ENG
CAMB-1B824C,22/10/2020,B.1.160.7,43,UK/ENG
CAMB-1B81E5,22/10/2020,B.1.160.7,43,UK/ENG
CAMC-AB13DE,23/10/2020,B.1.1.315,43,UK/ENG
CAMC-AB1408,23/10/2020,B.1.1.315,43,UK/ENG
CAMC-AAF968,23/10/2020,B.1.177,43,UK/ENG
CAMC-AB13FC,23/10/2020,B.1.177,43,UK/ENG
QEUH-AD1B2B,23/10/2020,B.1.177.16,43,UK/ENG
CAMC-AB13ED,23/10/2020,B.1.177,43,UK/ENG
CAMB-1B7CA9,23/10/2020,B.1.177,43,UK/ENG
CAMB-1B7CC7,23/10/2020,B.1.177,43,UK/ENG
CAMC-AB13CF,23/10/2020,B.1.177,43,UK/ENG
CAMC-AAF9A4,23/10/2020,B.1.177,43,UK/ENG
CAMB-1B81C7,23/10/2020,B.1.160.7,43,UK/ENG
CAMB-1B81A9,23/10/2020,B.1.160.7,43,UK/ENG
CAMB-1B818B,23/10/2020,B.1.160.7,43,UK/ENG
CAMB-1B816D,23/10/2020,B.1.160.7,43,UK/ENG
CAMB-1B814F,23/10/2020,B.1.160.7,43,UK/ENG
CAMB-1B8121,23/10/2020,B.1.160.7,43,UK/ENG
CAMB-1B80CA,23/10/2020,B.1.160.7,43,UK/ENG
CAMB-1B80AC,23/10/2020,B.1.160.7,43,UK/ENG
CAMB-1B808E,23/10/2020,B.1.160.7,43,UK/ENG
CAMB-1B8060,23/10/2020,B.1.160.7,43,UK/ENG
CAMB-1B8024,23/10/2020,B.1.160.7,43,UK/ENG
CAMB-1B8042,23/10/2020,B.1.177,43,UK/ENG
QEUH-AD07EC,24/10/2020,B.1.177,43,UK/ENG
CAMB-1B77B7,25/10/2020,B.1.1.315,44,UK/ENG
CAMC-AEAF7E,25/10/2020,B.1.177.17,44,UK/ENG
CAMC-AEADB0,25/10/2020,B.1.177.10,44,UK/ENG
CAMB-1B8701,26/10/2020,B.1.177,44,UK/ENG
CAMB-1B7BBB,26/10/2020,B.1.177,44,UK/ENG
CAMB-1B91B7,26/10/2020,B.1.1.315,44,UK/ENG
CAMB-1B91F3,26/10/2020,B.1.1.315,44,UK/ENG
CAMB-1B924B,26/10/2020,B.1.1.315,44,UK/ENG
CAMC-AEAE53,26/10/2020,B.1.177,44,UK/ENG
QEUH-AD0236,26/10/2020,B.1.177.11,44,UK/ENG
CAMC-AEAEAE,26/10/2020,B.1.177,44,UK/ENG
CAMB-1B91D5,26/10/2020,B.1.177.4,44,UK/ENG
CAMC-AEAE62,26/10/2020,B.1.177.4,44,UK/ENG
CAMB-1B916C,26/10/2020,B.1.160.7,44,UK/ENG
CAMB-1B914E,26/10/2020,B.1.160.7,44,UK/ENG
CAMB-1B9102,26/10/2020,B.1.160.7,44,UK/ENG
CAMB-1B90E7,26/10/2020,B.1.160.7,44,UK/ENG
CAMB-1B90C9,26/10/2020,B.1.160.7,44,UK/ENG
CAMB-1B90AB,26/10/2020,B.1.160.7,44,UK/ENG
QEUH-AD5AFD,26/10/2020,B.1.5,44,UK/ENG
CAMB-1B9120,26/10/2020,B.1.177,44,UK/ENG
CAMB-1B86E6,27/10/2020,B.1,44,UK/ENG
CAMB-1B91E4,27/10/2020,B.1.160.6,44,UK/ENG
CAMB-1B920F,27/10/2020,B.1.177.4,44,UK/ENG
CAMB-1B9005,27/10/2020,B.1.160.7,44,UK/ENG
CAMB-1B8FEB,27/10/2020,B.1.160.7,44,UK/ENG
CAMB-1B91C6,27/10/2020,B.1.160.7,44,UK/ENG
CAMB-1B923C,28/10/2020,B.1.177,44,UK/ENG
CAMB-1B921E,28/10/2020,B.1.177.4,44,UK/ENG
CAMB-1B8FCD,28/10/2020,B.1.160.7,44,UK/ENG
CAMB-1B9199,28/10/2020,B.1.160.7,44,UK/ENG
CAMB-1B917B,28/10/2020,B.1.160.7,44,UK/ENG
CAMB-1B915D,28/10/2020,B.1.160.7,44,UK/ENG
CAMB-1B913F,28/10/2020,B.1.160.7,44,UK/ENG
CAMB-1B9111,28/10/2020,B.1.160.7,44,UK/ENG
CAMB-1B90D8,28/10/2020,B.1.160.7,44,UK/ENG
CAMB-1B90BA,28/10/2020,B.1.160.7,44,UK/ENG
CAMB-1B909C,28/10/2020,B.1.160.7,44,UK/ENG
CAMB-1B907E,28/10/2020,B.1.160.7,44,UK/ENG
CAMB-1B9050,28/10/2020,B.1.160.7,44,UK/ENG
CAMB-1B9032,28/10/2020,B.1.160.7,44,UK/ENG
CAMB-1B9014,28/10/2020,B.1.160.7,44,UK/ENG
CAMB-1B8FFA,28/10/2020,B.1.160.7,44,UK/ENG
CAMB-1B8FDC,28/10/2020,B.1.160.7,44,UK/ENG
CAMB-1B8FBE,28/10/2020,B.1.160.7,44,UK/ENG
CAMB-1B91A8,28/10/2020,B.1.160.7,44,UK/ENG
CAMB-1B918A,28/10/2020,B.1.160.7,44,UK/ENG
CAMB-1B90F6,28/10/2020,B.1.177,44,UK/ENG
CAMB-1B8886,29/10/2020,B.1.177,44,UK/ENG
CAMB-1B922D,29/10/2020,B.1.177,44,UK/ENG
CAMB-1B9041,29/10/2020,B.1.160.7,44,UK/ENG
CAMB-1B9023,29/10/2020,B.1.160.7,44,UK/ENG
CAMB-1B908D,29/10/2020,B.1.160.7,44,UK/ENG
CAMB-1B906F,29/10/2020,B.1.160.7,44,UK/ENG
CAMB-1B8938,30/10/2020,B.1.177,44,UK/ENG
CAMC-B0B125,30/10/2020,B.1.36.17,44,UK/ENG
CAMC-B09594,30/10/2020,B.1.36.17,44,UK/ENG
CAMC-B0AF1D,30/10/2020,B.1.36.17,44,UK/ENG
CAMC-B09303,30/10/2020,B.1.36.9,44,UK/ENG
CAMC-B095A3,30/10/2020,B.1.36.9,44,UK/ENG
CAMC-B095B2,30/10/2020,B.1.36.9,44,UK/ENG
CAMC-B0AE7A,30/10/2020,B.1.160.4,44,UK/ENG
CAMC-B08C36,30/10/2020,B.1.160.7,44,UK/ENG
CAMC-B08CFA,30/10/2020,B.1.160.7,44,UK/ENG
CAMC-B0CDA8,30/10/2020,B.1.160.7,44,UK/ENG
CAMC-B0950D,30/10/2020,B.1.1.311,44,UK/ENG
CAMC-B08F79,30/10/2020,B.1.1.307,44,UK/ENG
CAMC-B09242,30/10/2020,B.1.1.307,44,UK/ENG
CAMC-B0AF0E,30/10/2020,B.1.1.307,44,UK/ENG
CAMC-B0AC25,30/10/2020,B.1.1.279,44,UK/ENG
CAMC-B0B055,30/10/2020,B.1.1.153,44,UK/ENG
CAMC-B09163,30/10/2020,B.1.177,44,UK/ENG
CAMC-B0B723,30/10/2020,B.1.177,44,UK/ENG
CAMC-B0986E,30/10/2020,B.1.258,44,UK/ENG
CAMC-B0AF4A,30/10/2020,B.1.258,44,UK/ENG
CAMC-B0CDC6,30/10/2020,B.1.177,44,UK/ENG
CAMC-B09233,30/10/2020,B.1.177,44,UK/ENG
CAMC-B09251,30/10/2020,B.1.177,44,UK/ENG
CAMC-B092F7,30/10/2020,B.1.177,44,UK/ENG
CAMC-B0951C,30/10/2020,B.1.177,44,UK/ENG
CAMC-B0953A,30/10/2020,B.1.177,44,UK/ENG
CAMC-B09549,30/10/2020,B.1.177,44,UK/ENG
CAMC-B0ABEC,30/10/2020,B.1.177,44,UK/ENG
CAMC-B0AF3B,30/10/2020,B.1.177,44,UK/ENG
CAMC-B0B732,30/10/2020,B.1.177,44,UK/ENG
CAMC-B0952B,30/10/2020,B.1.177.4,44,UK/ENG
CAMC-B099E3,30/10/2020,B.1.177.4,44,UK/ENG
CAMC-B0AE3E,30/10/2020,B.1.177.4,44,UK/ENG
CAMC-B0AE6B,30/10/2020,B.1.177.4,44,UK/ENG
CAMC-B095C1,30/10/2020,B.1.177.4,44,UK/ENG
CAMC-B08C27,30/10/2020,B.1.258,44,UK/ENG
CAMC-B08D06,30/10/2020,B.1.258,44,UK/ENG
CAMC-B0AB19,30/10/2020,B.1.258,44,UK/ENG
CAMC-B0AE5C,30/10/2020,B.1.258,44,UK/ENG
CAMC-B0B064,30/10/2020,B.1.177,44,UK/ENG
CAMB-1BA07D,30/10/2020,B.1.160.7,44,UK/ENG
CAMB-1B9DB3,30/10/2020,B.1.160.7,44,UK/ENG
CAMB-1B9DD1,30/10/2020,B.1.160.7,44,UK/ENG
CAMB-1B9D77,30/10/2020,B.1.160.7,44,UK/ENG
CAMB-1B9D95,30/10/2020,B.1.160.7,44,UK/ENG
CAMC-B0B143,30/10/2020,B.1.160.7,44,UK/ENG
CAMB-1BA09B,30/10/2020,B.1.1.236,44,UK/ENG
CAMC-B0CE1E,30/10/2020,B.1.177,44,UK/ENG
CAMB-1B8B6F,31/10/2020,B.1.177,44,UK/ENG
NORW-F3880,31/10/2020,B.1.36,44,UK/ENG
NORW-F39BA,31/10/2020,B.1.36,44,UK/ENG
CAMC-B09AE0,31/10/2020,B.1.160.7,44,UK/ENG
CAMC-B09AA4,31/10/2020,B.1.1.301,44,UK/ENG
CAMC-B099A7,31/10/2020,B.1.1.315,44,UK/ENG
CAMC-B08225,31/10/2020,B.1.177,44,UK/ENG
CAMC-B078AC,31/10/2020,B.1.177,44,UK/ENG
CAMC-B09A77,31/10/2020,B.1.177,44,UK/ENG
CAMC-B08243,31/10/2020,B.1.177.4,44,UK/ENG
CAMC-B09AD1,31/10/2020,B.1.177.4,44,UK/ENG
CAMC-B09C26,31/10/2020,B.1.258,44,UK/ENG
CAMC-B09B56,31/10/2020,B.1.160.7,44,UK/ENG
CAMC-B08234,31/10/2020,B.1.177.13,44,UK/ENG
CAMC-B09B65,31/10/2020,B.1.177,44,UK/ENG
CAMB-1B8D3C,01/11/2020,B.1.177,45,UK/ENG
CAMC-B227CC,01/11/2020,B.1.221,45,UK/ENG
CAMC-B22823,01/11/2020,B.1,45,UK/ENG
CAMC-B22225,01/11/2020,B.1.36.9,45,UK/ENG
CAMC-B1FF33,01/11/2020,B.1.160.7,45,UK/ENG
CAMC-B22243,01/11/2020,B.1.1.311,45,UK/ENG
CAMC-B21C82,01/11/2020,B.1.1.307,45,UK/ENG
CAMC-B21CA0,01/11/2020,B.1.1.307,45,UK/ENG
CAMC-B21CBF,01/11/2020,B.1.1.307,45,UK/ENG
CAMC-B21CCE,01/11/2020,B.1.1.307,45,UK/ENG
CAMC-B21CDD,01/11/2020,B.1.1.307,45,UK/ENG
CAMC-B222BC,01/11/2020,B.1.1.307,45,UK/ENG
CAMC-B21AE2,01/11/2020,B.1.1.37,45,UK/ENG
CAMC-B222AD,01/11/2020,B.1.1.170,45,UK/ENG
CAMC-B1FF06,01/11/2020,B.1.177,45,UK/ENG
CAMC-B227EA,01/11/2020,B.1.177,45,UK/ENG
CAMC-B21B94,01/11/2020,B.1.177,45,UK/ENG
CAMC-B21BA3,01/11/2020,B.1.177,45,UK/ENG
CAMC-B21C64,01/11/2020,B.1.177,45,UK/ENG
CAMC-B21C91,01/11/2020,B.1.177,45,UK/ENG
CAMC-B21BC1,01/11/2020,B.1.177.16,45,UK/ENG
CAMC-B1FF24,01/11/2020,B.1.177,45,UK/ENG
CAMC-B22234,01/11/2020,B.1.177,45,UK/ENG
MILK-B3B089,01/11/2020,B.1.177,45,UK/ENG
CAMC-B21CEC,01/11/2020,B.1.177,45,UK/ENG
CAMC-B21B76,01/11/2020,B.1.177.4,45,UK/ENG
CAMC-B21B85,01/11/2020,B.1.177.4,45,UK/ENG
CAMC-B227DB,01/11/2020,B.1.177.4,45,UK/ENG
CAMC-B1FF42,01/11/2020,B.1.177,45,UK/ENG
CAMC-B22911,01/11/2020,B.1.160.7,45,UK/ENG
CAMB-1B8C7B,02/11/2020,B.1.160,45,UK/ENG
CAMB-1B8CC6,02/11/2020,B.1.177,45,UK/ENG
CAMC-B21718,02/11/2020,B.1,45,UK/ENG
CAMC-B23048,02/11/2020,B.1.221,45,UK/ENG
MILK-B3D00F,02/11/2020,B.1.36.17,45,UK/ENG
MILK-B3D02D,02/11/2020,B.1.36.17,45,UK/ENG
CAMC-B1FE72,02/11/2020,B.1.36.17,45,UK/ENG
CAMC-B23109,02/11/2020,B.1.36.17,45,UK/ENG
CAMC-B217BE,02/11/2020,B.1.160.7,45,UK/ENG
CAMC-B233A9,02/11/2020,B.1.160,45,UK/ENG
CAMC-B23312,02/11/2020,B.1.1.189,45,UK/ENG
CAMC-B20D08,02/11/2020,B.1.1.138,45,UK/ENG
QEUH-B13DEA,02/11/2020,B.1.1.311,45,UK/ENG
MILK-B3AA13,02/11/2020,B.1.1.187,45,UK/ENG
MILK-B3CFE5,02/11/2020,B.1.1.187,45,UK/ENG
CAMC-B22CBE,02/11/2020,B.1.1.307,45,UK/ENG
CAMC-B20EC9,02/11/2020,B.1.1.307,45,UK/ENG
CAMC-B21772,02/11/2020,B.1.1.307,45,UK/ENG
CAMC-B2297B,02/11/2020,B.1.1.307,45,UK/ENG
CAMC-B22F79,02/11/2020,B.1.1.307,45,UK/ENG
CAMC-B22D06,02/11/2020,B.1.1.315,45,UK/ENG
CAMC-B22D51,02/11/2020,B.1.1.315,45,UK/ENG
CAMC-B20EAB,02/11/2020,B.1.1.315,45,UK/ENG
CAMC-B2242F,02/11/2020,B.1.177.9,45,UK/ENG
CAMC-B23163,02/11/2020,B.1.1.198,45,UK/ENG
CAMC-B2243E,02/11/2020,B.1.1.7,45,UK/ENG
CAMC-B1FE63,02/11/2020,B.1.177,45,UK/ENG
CAMC-B1FCA5,02/11/2020,B.1.1.1,45,UK/ENG
CAMC-B20F20,02/11/2020,B.1.177.19,45,UK/ENG
CAMC-B1FC96,02/11/2020,B.1.177,45,UK/ENG
CAMC-B21569,02/11/2020,B.1.177,45,UK/ENG
CAMC-B22D33,02/11/2020,B.1.177,45,UK/ENG
CAMC-B2302A,02/11/2020,B.1.177,45,UK/ENG
CAMC-B22D42,02/11/2020,B.1.258,45,UK/ENG
CAMC-B1FB8A,02/11/2020,B.1.177,45,UK/ENG
CAMC-B1FBC6,02/11/2020,B.1.177,45,UK/ENG
CAMC-B2301B,02/11/2020,B.1.177.16,45,UK/ENG
CAMC-B2296C,02/11/2020,B.1.177,45,UK/ENG
CAMC-B23118,02/11/2020,B.1.177,45,UK/ENG
CAMC-B20A2F,02/11/2020,B.1.177,45,UK/ENG
CAMC-B20A3E,02/11/2020,B.1.177,45,UK/ENG
CAMC-B20C29,02/11/2020,B.1.177,45,UK/ENG
CAMC-B20DAE,02/11/2020,B.1.177,45,UK/ENG
CAMC-B20DCC,02/11/2020,B.1.177,45,UK/ENG
CAMC-B20E41,02/11/2020,B.1.177,45,UK/ENG
CAMC-B20E50,02/11/2020,B.1.177,45,UK/ENG
CAMC-B20E6F,02/11/2020,B.1.177,45,UK/ENG
CAMC-B20EBA,02/11/2020,B.1.177,45,UK/ENG
CAMC-B21709,02/11/2020,B.1.177,45,UK/ENG
CAMC-B22CFA,02/11/2020,B.1.177,45,UK/ENG
CAMC-B22D24,02/11/2020,B.1.177,45,UK/ENG
CAMC-B22FF1,02/11/2020,B.1.177,45,UK/ENG
CAMC-B2300C,02/11/2020,B.1.177,45,UK/ENG
CAMC-B23127,02/11/2020,B.1.177,45,UK/ENG
CAMC-B221CE,02/11/2020,B.1.177,45,UK/ENG
CAMC-B221DD,02/11/2020,B.1.177,45,UK/ENG
CAMC-B226DE,02/11/2020,B.1.177,45,UK/ENG
CAMC-B23172,02/11/2020,B.1.177,45,UK/ENG
CAMC-B209AA,02/11/2020,B.1.177.4,45,UK/ENG
CAMC-B20E05,02/11/2020,B.1.177.4,45,UK/ENG
CAMC-B22999,02/11/2020,B.1.177.4,45,UK/ENG
CAMC-B22CDC,02/11/2020,B.1.177.4,45,UK/ENG
CAMC-B22CEB,02/11/2020,B.1.177.4,45,UK/ENG
CAMC-B22D15,02/11/2020,B.1.177.4,45,UK/ENG
CAMC-B23145,02/11/2020,B.1.177.4,45,UK/ENG
CAMC-B1FBB7,02/11/2020,B.1.177.4,45,UK/ENG
CAMC-B1FCC3,02/11/2020,B.1.177.4,45,UK/ENG
CAMC-B1FCE1,02/11/2020,B.1.177.4,45,UK/ENG
CAMC-B1FECD,02/11/2020,B.1.177.4,45,UK/ENG
CAMC-B232D9,02/11/2020,B.1.258,45,UK/ENG
CAMC-B232E8,02/11/2020,B.1.258,45,UK/ENG
CAMC-B1FEBE,02/11/2020,B.1.177.4,45,UK/ENG
CAMC-B20E7E,02/11/2020,B.1.177,45,UK/ENG
CAMC-B22207,02/11/2020,B.1.177,45,UK/ENG
CAMC-B20DEA,02/11/2020,B.1.177,45,UK/ENG
CAMC-B20DF9,02/11/2020,B.1.177,45,UK/ENG
CAMB-1B9EB0,02/11/2020,B.1.160.7,45,UK/ENG
CAMB-1B9EDE,02/11/2020,B.1.160.7,45,UK/ENG
CAMB-1B9E1A,02/11/2020,B.1.160.7,45,UK/ENG
CAMB-1B9E56,02/11/2020,B.1.160.7,45,UK/ENG
CAMB-1B9E74,02/11/2020,B.1.160.7,45,UK/ENG
CAMB-1B9E92,02/11/2020,B.1.160.7,45,UK/ENG
CAMB-1BA0C8,02/11/2020,B.1.160.7,45,UK/ENG
CAMB-1BA0E6,02/11/2020,B.1.160.7,45,UK/ENG
CAMC-B20A4D,02/11/2020,B.1.1.315,45,UK/ENG
CAMC-B22173,03/11/2020,B.1.177,45,UK/ENG
CAMC-B231EB,03/11/2020,B.1.177,45,UK/ENG
CAMC-B231DC,03/11/2020,B.1.36.17,45,UK/ENG
CAMC-B20209,03/11/2020,B.1.1.189,45,UK/ENG
CAMC-B215E1,03/11/2020,B.1.1.187,45,UK/ENG
CAMC-B217EB,03/11/2020,B.1.1.307,45,UK/ENG
CAMC-B21F89,03/11/2020,B.1.1.315,45,UK/ENG
CAMC-B21639,03/11/2020,B.1.177.17,45,UK/ENG
CAMC-B21217,03/11/2020,B.1.1.1,45,UK/ENG
CAMC-B20FB7,03/11/2020,B.1.177.10,45,UK/ENG
CAMC-B22F4C,03/11/2020,B.1.177.10,45,UK/ENG
CAMC-B231FA,03/11/2020,B.1.177.10,45,UK/ENG
CAMC-B23206,03/11/2020,B.1.177.10,45,UK/ENG
CAMC-B217DC,03/11/2020,B.1.177,45,UK/ENG
CAMC-B221EC,03/11/2020,B.1.177,45,UK/ENG
CAMC-B22EE5,03/11/2020,B.1.177,45,UK/ENG
CAMC-B21824,03/11/2020,B.1.177,45,UK/ENG
CAMC-B21833,03/11/2020,B.1.177,45,UK/ENG
CAMC-B21F98,03/11/2020,B.1.177,45,UK/ENG
CAMC-B20218,03/11/2020,B.1.177,45,UK/ENG
CAMC-B21657,03/11/2020,B.1.177,45,UK/ENG
CAMC-B22629,03/11/2020,B.1.177,45,UK/ENG
CAMC-B22EF4,03/11/2020,B.1.177,45,UK/ENG
CAMC-B211A1,03/11/2020,B.1.177,45,UK/ENG
CAMC-B21842,03/11/2020,B.1.177,45,UK/ENG
CAMC-B211B0,03/11/2020,B.1.177.4,45,UK/ENG
CAMC-B217CD,03/11/2020,B.1.177.4,45,UK/ENG
CAMC-B22F2E,03/11/2020,B.1.177.4,45,UK/ENG
CAMC-B22F3D,03/11/2020,B.1.177.4,45,UK/ENG
MILK-B5502F,03/11/2020,B.1.177.4,45,UK/ENG
CAMC-B20FC6,03/11/2020,B.1.177.4,45,UK/ENG
CAMB-1BA0AA,03/11/2020,B.1.177,45,UK/ENG
CAMB-1B9F44,03/11/2020,B.1.36,45,UK/ENG
CAMB-1BA06E,03/11/2020,B.1.160.7,45,UK/ENG
CAMB-1B9FAE,03/11/2020,B.1.160.7,45,UK/ENG
CAMB-1B9FCC,03/11/2020,B.1.160.7,45,UK/ENG
CAMB-1BA004,03/11/2020,B.1.160.7,45,UK/ENG
CAMB-1BA022,03/11/2020,B.1.160.7,45,UK/ENG
CAMB-1BA040,03/11/2020,B.1.160.7,45,UK/ENG
CAMB-1B9F26,03/11/2020,B.1.160.7,45,UK/ENG
CAMB-1B9F62,03/11/2020,B.1.160.7,45,UK/ENG
CAMB-1B9FEA,03/11/2020,B.1.177,45,UK/ENG
CAMC-B20227,03/11/2020,B.1.177.4,45,UK/ENG
CAMB-1BA08C,03/11/2020,B.1.177,45,UK/ENG
CAMB-1B9F80,03/11/2020,B.1.177,45,UK/ENG
CAMB-1B930C,04/11/2020,B.1.177,45,UK/ENG
CAMB-1B9375,04/11/2020,B.1.177.4,45,UK/ENG
CAMB-1BA0D7,04/11/2020,B.1.221,45,UK/ENG
CAMB-1BA0B9,04/11/2020,B.1.177,45,UK/ENG
MILK-B5503E,04/11/2020,B.1.177.4,45,UK/ENG
CAMB-1B9EED,04/11/2020,B.1.177,45,UK/ENG
CAMB-1B9DFF,04/11/2020,B.1.160.7,45,UK/ENG
CAMB-1B9E83,04/11/2020,B.1.160.7,45,UK/ENG
CAMB-1B9EA1,04/11/2020,B.1.160.7,45,UK/ENG
CAMB-1B9ECF,04/11/2020,B.1.160.7,45,UK/ENG
CAMB-1B9F08,04/11/2020,B.1.160.7,45,UK/ENG
CAMB-1B9DC2,04/11/2020,B.1.160.7,45,UK/ENG
CAMB-1B9DE0,04/11/2020,B.1.160.7,45,UK/ENG
CAMB-1B9E29,04/11/2020,B.1.160.7,45,UK/ENG
CAMB-1B9E65,04/11/2020,B.1.160.7,45,UK/ENG
CAMB-1B9339,05/11/2020,B.1.5,45,UK/ENG
CAMC-B36965,05/11/2020,B.1.177,45,UK/ENG
CAMC-B33625,05/11/2020,B.1,45,UK/ENG
CAMC-B32741,05/11/2020,B.1.221,45,UK/ENG
CAMC-B340DB,05/11/2020,B.1.36.17,45,UK/ENG
CAMC-B3673E,05/11/2020,B.1.36.17,45,UK/ENG
CAMC-B32BCD,05/11/2020,B.1.1.189,45,UK/ENG
CAMC-B362A6,05/11/2020,B.1.1.307,45,UK/ENG
CAMC-B356D8,05/11/2020,B.1.235,45,UK/ENG
CAMC-B360AC,05/11/2020,B.1.235,45,UK/ENG
CAMC-B36428,05/11/2020,B.1.177,45,UK/ENG
CAMC-B364BF,05/11/2020,B.1.177.17,45,UK/ENG
CAMC-B333A6,05/11/2020,B.1.177,45,UK/ENG
CAMC-B33F84,05/11/2020,B.1.1.171,45,UK/ENG
CAMC-B369B0,05/11/2020,B.1.177,45,UK/ENG
CAMC-B340EA,05/11/2020,B.1.258,45,UK/ENG
CAMC-B32FD0,05/11/2020,B.1.177,45,UK/ENG
CAMC-B33397,05/11/2020,B.1.177,45,UK/ENG
CAMC-B33DF3,05/11/2020,B.1.177,45,UK/ENG
CAMC-B3492B,05/11/2020,B.1.177,45,UK/ENG
CAMC-B34994,05/11/2020,B.1.177,45,UK/ENG
CAMC-B33E2D,05/11/2020,B.1.177,45,UK/ENG
NORW-F6A96,05/11/2020,B.1.177,45,UK/ENG
CAMC-B32529,05/11/2020,B.1.177,45,UK/ENG
CAMC-B328C6,05/11/2020,B.1.177,45,UK/ENG
CAMC-B328E4,05/11/2020,B.1.177,45,UK/ENG
CAMC-B3291E,05/11/2020,B.1.177,45,UK/ENG
CAMC-B33EB4,05/11/2020,B.1.177,45,UK/ENG
CAMC-B3573F,05/11/2020,B.1.177,45,UK/ENG
CAMC-B3574E,05/11/2020,B.1.177,45,UK/ENG
CAMC-B3578A,05/11/2020,B.1.177,45,UK/ENG
CAMC-B36956,05/11/2020,B.1.177,45,UK/ENG
CAMC-B325B0,05/11/2020,B.1.177.7,45,UK/ENG
CAMC-B33FDF,05/11/2020,B.1.177.7,45,UK/ENG
CAMB-1BA0F5,05/11/2020,B.1.177,45,UK/ENG
CAMC-B33634,05/11/2020,B.1.177,45,UK/ENG
CAMC-B33DB7,05/11/2020,B.1.177.4,45,UK/ENG
CAMC-B33F75,05/11/2020,B.1.177.4,45,UK/ENG
CAMC-B3491C,05/11/2020,B.1.177.4,45,UK/ENG
CAMC-B36437,05/11/2020,B.1.177.4,45,UK/ENG
CAMC-B36446,05/11/2020,B.1.177.4,45,UK/ENG
CAMC-B3672F,05/11/2020,B.1.177.4,45,UK/ENG
CAMC-B36868,05/11/2020,B.1.177.4,45,UK/ENG
MILK-B56747,05/11/2020,B.1.177.4,45,UK/ENG
CAMC-B361E5,05/11/2020,B.1.177.4,45,UK/ENG
CAMC-B34ADD,05/11/2020,B.1.177,45,UK/ENG
CAMB-1B9D86,05/11/2020,B.1.160.7,45,UK/ENG
CAMB-1B9CE3,05/11/2020,B.1.160.7,45,UK/ENG
CAMB-1B9D0E,05/11/2020,B.1.160.7,45,UK/ENG
CAMB-1B9D2C,05/11/2020,B.1.160.7,45,UK/ENG
CAMB-1B9D68,05/11/2020,B.1.160.7,45,UK/ENG
CAMC-B34AEC,05/11/2020,B.1.160.7,45,UK/ENG
CAMB-1B9D4A,05/11/2020,B.1.177,45,UK/ENG
CAMB-1B9DA4,05/11/2020,B.1.177.4,45,UK/ENG
CAMC-B3481F,06/11/2020,B.1.221,45,UK/ENG
CAMC-B345CD,06/11/2020,B.1.1.37,45,UK/ENG
CAMC-B33C9C,06/11/2020,B.1.1.301,45,UK/ENG
CAMB-1BA110,06/11/2020,B.1.177,45,UK/ENG
CAMC-B33CAB,06/11/2020,B.1.177.18,45,UK/ENG
CAMC-B33C7E,06/11/2020,B.1.177,45,UK/ENG
CAMC-B345DC,06/11/2020,B.1.177,45,UK/ENG
CAMC-B3483D,06/11/2020,B.1.177.4,45,UK/ENG
CAMC-B3482E,06/11/2020,B.1.258,45,UK/ENG
CAMB-1B9FDB,06/11/2020,B.1.160.7,45,UK/ENG
CAMB-1B9FF9,06/11/2020,B.1.160.7,45,UK/ENG
CAMB-1BA013,06/11/2020,B.1.160.7,45,UK/ENG
CAMB-1BA031,06/11/2020,B.1.160.7,45,UK/ENG
CAMB-1BA05F,06/11/2020,B.1.160.7,45,UK/ENG
CAMB-1B9EFC,06/11/2020,B.1.160.7,45,UK/ENG
CAMB-1B9F35,06/11/2020,B.1.160.7,45,UK/ENG
CAMB-1B9F9F,06/11/2020,B.1.160.7,45,UK/ENG
CAMB-1B9CB6,06/11/2020,B.1.160.7,45,UK/ENG
CAMB-1B9CD4,06/11/2020,B.1.160.7,45,UK/ENG
CAMB-1B9D1D,06/11/2020,B.1.160.7,45,UK/ENG
CAMB-1B9D3B,06/11/2020,B.1.160.7,45,UK/ENG
CAMB-1BA101,06/11/2020,B.1.160.7,45,UK/ENG
CAMB-1B9F71,06/11/2020,B.1.177,45,UK/ENG
CAMB-1B9CF2,06/11/2020,B.1.177,45,UK/ENG
CAMB-1BA12F,06/11/2020,B.1.177,45,UK/ENG
ALDP-B5E0EA,07/11/2020,B.1.177,45,UK/ENG
CAMB-1B9ACB,08/11/2020,B.1.36.17,46,UK/ENG
CAMC-B51524,08/11/2020,B.1.177,46,UK/ENG
CAMC-B5164F,08/11/2020,B.1.36,46,UK/ENG
CAMC-B516A9,08/11/2020,B.1.160.2,46,UK/ENG
CAMC-B51DB3,08/11/2020,B.1.36,46,UK/ENG
CAMC-B543AF,08/11/2020,B.1.36,46,UK/ENG
CAMC-B543DC,08/11/2020,B.1.160.7,46,UK/ENG
CAMC-B53249,08/11/2020,B.1.1.130,46,UK/ENG
CAMC-B513FD,08/11/2020,B.1.1.307,46,UK/ENG
CAMC-B51409,08/11/2020,B.1.1.307,46,UK/ENG
CAMC-B53953,08/11/2020,B.1.1.307,46,UK/ENG
CAMC-B53962,08/11/2020,B.1.1.307,46,UK/ENG
CAMC-B53786,08/11/2020,B.1.1.301,46,UK/ENG
CAMC-B546E2,08/11/2020,B.1.1.315,46,UK/ENG
CAMC-B51F53,08/11/2020,B.1.1.315,46,UK/ENG
CAMC-B51F9F,08/11/2020,B.1.177.9,46,UK/ENG
CAMC-B53795,08/11/2020,B.1.177.17,46,UK/ENG
CAMC-B53856,08/11/2020,B.1.177.17,46,UK/ENG
CAMC-B543EB,08/11/2020,B.1.1.7,46,UK/ENG
CAMC-B51418,08/11/2020,B.1.1.219,46,UK/ENG
CAMC-B532C1,08/11/2020,B.1.258,46,UK/ENG
CAMC-B54390,08/11/2020,B.1.258,46,UK/ENG
CAMC-B53A23,08/11/2020,B.1.177.10,46,UK/ENG
CAMC-B51630,08/11/2020,B.1.177,46,UK/ENG
CAMC-B522B3,08/11/2020,B.1.177,46,UK/ENG
CAMC-B53874,08/11/2020,B.1.177,46,UK/ENG
CAMC-B51E29,08/11/2020,B.1.258,46,UK/ENG
CAMC-B5167C,08/11/2020,B.1.177,46,UK/ENG
CAMC-B51102,08/11/2020,B.1.177,46,UK/ENG
CAMC-B51603,08/11/2020,B.1.177,46,UK/ENG
CAMC-B51DC2,08/11/2020,B.1.177,46,UK/ENG
CAMC-B51DE0,08/11/2020,B.1.177,46,UK/ENG
CAMC-B532A3,08/11/2020,B.1.177,46,UK/ENG
CAMC-B53865,08/11/2020,B.1.177,46,UK/ENG
CAMC-B5413C,08/11/2020,B.1.177,46,UK/ENG
CAMC-B54381,08/11/2020,B.1.177,46,UK/ENG
CAMC-B51612,08/11/2020,B.1.177.4,46,UK/ENG
CAMC-B51EA1,08/11/2020,B.1.177.4,46,UK/ENG
CAMC-B51F35,08/11/2020,B.1.177.4,46,UK/ENG
CAMC-B522E0,08/11/2020,B.1.177.4,46,UK/ENG
CAMC-B53285,08/11/2020,B.1.177.4,46,UK/ENG
CAMC-B53838,08/11/2020,B.1.177.4,46,UK/ENG
CAMC-B5183A,08/11/2020,B.1.177,46,UK/ENG
CAMC-B51858,08/11/2020,B.1.177,46,UK/ENG
CAMC-B53777,08/11/2020,B.1.177,46,UK/ENG
CAMC-B5323A,08/11/2020,B.1.177,46,UK/ENG
CAMC-B51CF2,08/11/2020,B.1.258,46,UK/ENG
CAMC-B51D0E,08/11/2020,B.1.258,46,UK/ENG
CAMC-B51DD1,08/11/2020,B.1.177,46,UK/ENG
CAMC-B51E1A,08/11/2020,B.1.160.7,46,UK/ENG
CAMC-B53276,08/11/2020,B.1.160.7,46,UK/ENG
CAMC-B543CD,08/11/2020,B.1.160.7,46,UK/ENG
CAMB-1B9C3E,09/11/2020,B.1.221,46,UK/ENG
CAMB-1B9C2F,09/11/2020,B.1.1.307,46,UK/ENG
CAMB-1B9CA7,09/11/2020,B.1.1.279,46,UK/ENG
CAMC-B544E8,09/11/2020,B.1.177,46,UK/ENG
CAMC-B52A06,09/11/2020,B.1.36.17,46,UK/ENG
NORW-F6B2A,09/11/2020,B.1.36,46,UK/ENG
CAMC-B540F3,09/11/2020,B.1.1.315,46,UK/ENG
CAMB-1BA857,09/11/2020,B.1.177,46,UK/ENG
CAMC-B529CD,09/11/2020,B.1.177,46,UK/ENG
CAMC-B529FA,09/11/2020,B.1.177,46,UK/ENG
CAMC-B52C2E,09/11/2020,B.1.177,46,UK/ENG
QEUH-B66595,09/11/2020,B.1.177,46,UK/ENG
CAMC-B529EB,09/11/2020,B.1.177,46,UK/ENG
CAMC-B529BE,09/11/2020,B.1.177,46,UK/ENG
CAMC-B529AF,09/11/2020,B.1.258,46,UK/ENG
CAMC-B51B40,09/11/2020,B.1.177,46,UK/ENG
CAMC-B51B5F,09/11/2020,B.1.177.7,46,UK/ENG
CAMC-B51B31,09/11/2020,B.1.177.4,46,UK/ENG
CAMC-B52A15,09/11/2020,B.1.177.4,46,UK/ENG
CAMC-B5106F,09/11/2020,B.1.258,46,UK/ENG
CAMC-B5107E,09/11/2020,B.1.258,46,UK/ENG
CAMB-1BB16A,09/11/2020,B.1,46,UK/ENG
CAMC-B52C3D,09/11/2020,B.1,46,UK/ENG
CAMB-1BB285,09/11/2020,B.1.160.7,46,UK/ENG
CAMB-1BB100,09/11/2020,B.1.160.7,46,UK/ENG
CAMB-1BB267,09/11/2020,B.1.160.7,46,UK/ENG
CAMB-1BB0E5,09/11/2020,B.1.160.7,46,UK/ENG
CAMB-1BB249,09/11/2020,B.1.160.7,46,UK/ENG
CAMB-1BB22B,09/11/2020,B.1.160.7,46,UK/ENG
CAMB-1BB20D,09/11/2020,B.1.160.7,46,UK/ENG
CAMB-1BB1E2,09/11/2020,B.1.160.7,46,UK/ENG
CAMB-1BB1C4,09/11/2020,B.1.160.7,46,UK/ENG
CAMB-1BB1A6,09/11/2020,B.1.160.7,46,UK/ENG
CAMB-1BB14C,09/11/2020,B.1.160.7,46,UK/ENG
CAMB-1BAE46,09/11/2020,B.1.160.7,46,UK/ENG
CAMB-1BB12E,09/11/2020,B.1.160.7,46,UK/ENG
CAMB-1BAE28,09/11/2020,B.1.160.7,46,UK/ENG
CAMB-1BB188,09/11/2020,B.1.177.17,46,UK/ENG
CAMC-B5410F,09/11/2020,B.1.177.4,46,UK/ENG
CAMB-1BA2A4,10/11/2020,B.1.1.37,46,UK/ENG
CAMB-1BA24A,10/11/2020,B.1.1.279,46,UK/ENG
CAMB-1BA277,10/11/2020,B.1.177,46,UK/ENG
CAMB-1BA2C2,10/11/2020,B.1.177,46,UK/ENG
CAMB-1BA8DF,10/11/2020,B.1.221,46,UK/ENG
CAMB-1BA884,10/11/2020,B.1.1.315,46,UK/ENG
CAMB-1BA8B1,10/11/2020,B.1.1.7,46,UK/ENG
CAMB-1BA893,10/11/2020,B.1.177,46,UK/ENG
CAMB-1BA8FD,10/11/2020,B.1.177,46,UK/ENG
CAMB-1BA866,10/11/2020,B.1.177,46,UK/ENG
CAMB-1BAE82,10/11/2020,B.1.36.17,46,UK/ENG
CAMB-1BB0B8,10/11/2020,B.1.160.7,46,UK/ENG
CAMB-1BAF8F,10/11/2020,B.1.160.7,46,UK/ENG
CAMB-1BB05E,10/11/2020,B.1.160.7,46,UK/ENG
CAMB-1BB012,10/11/2020,B.1.160.7,46,UK/ENG
CAMB-1BAFF8,10/11/2020,B.1.160.7,46,UK/ENG
CAMB-1BAFDA,10/11/2020,B.1.160.7,46,UK/ENG
CAMB-1BB21C,10/11/2020,B.1.160.7,46,UK/ENG
CAMB-1BAFBC,10/11/2020,B.1.160.7,46,UK/ENG
CAMB-1BAF9E,10/11/2020,B.1.160.7,46,UK/ENG
CAMB-1BAF61,10/11/2020,B.1.160.7,46,UK/ENG
CAMB-1BAF70,10/11/2020,B.1.160.7,46,UK/ENG
CAMB-1BAF52,10/11/2020,B.1.160.7,46,UK/ENG
CAMB-1BAF34,10/11/2020,B.1.160.7,46,UK/ENG
CAMB-1BAF16,10/11/2020,B.1.160.7,46,UK/ENG
CAMB-1BAEFB,10/11/2020,B.1.160.7,46,UK/ENG
CAMB-1BAEDD,10/11/2020,B.1.160.7,46,UK/ENG
CAMB-1BB1F1,10/11/2020,B.1.160.7,46,UK/ENG
CAMB-1BAEBF,10/11/2020,B.1.160.7,46,UK/ENG
CAMB-1BAE91,10/11/2020,B.1.160.7,46,UK/ENG
CAMB-1BB0C7,10/11/2020,B.1.160.7,46,UK/ENG
CAMB-1BAE73,10/11/2020,B.1.160.7,46,UK/ENG
CAMB-1BAF43,10/11/2020,B.1.160.7,46,UK/ENG
CAMB-1BAE55,10/11/2020,B.1.160.7,46,UK/ENG
CAMB-1BAE37,10/11/2020,B.1.160.7,46,UK/ENG
CAMB-1BAE19,10/11/2020,B.1.160.7,46,UK/ENG
CAMB-1BADFE,10/11/2020,B.1.160.7,46,UK/ENG
CAMB-1BB1D3,10/11/2020,B.1.160.7,46,UK/ENG
CAMB-1BB0A9,10/11/2020,B.1.160.7,46,UK/ENG
CAMB-1BAF25,10/11/2020,B.1.160.7,46,UK/ENG
CAMB-1BB1B5,10/11/2020,B.1.160.7,46,UK/ENG
CAMB-1BB08B,10/11/2020,B.1.160.7,46,UK/ENG
CAMB-1BAF07,10/11/2020,B.1.160.7,46,UK/ENG
CAMB-1BB06D,10/11/2020,B.1.160.7,46,UK/ENG
CAMB-1BAEEC,10/11/2020,B.1.160.7,46,UK/ENG
CAMB-1BB179,10/11/2020,B.1.160.7,46,UK/ENG
CAMB-1BB04F,10/11/2020,B.1.160.7,46,UK/ENG
CAMB-1BB15B,10/11/2020,B.1.160.7,46,UK/ENG
CAMB-1BB021,10/11/2020,B.1.160.7,46,UK/ENG
CAMB-1BAEA0,10/11/2020,B.1.160.7,46,UK/ENG
CAMB-1BB13D,10/11/2020,B.1.160.7,46,UK/ENG
CAMB-1BB003,10/11/2020,B.1.160.7,46,UK/ENG
CAMB-1BAFE9,10/11/2020,B.1.160.7,46,UK/ENG
CAMB-1BAE64,10/11/2020,B.1.160.7,46,UK/ENG
CAMB-1BAFCB,10/11/2020,B.1.160.7,46,UK/ENG
CAMB-1BB0D6,10/11/2020,B.1.160.7,46,UK/ENG
CAMB-1BAFAD,10/11/2020,B.1.160.7,46,UK/ENG
CAMB-1BA875,10/11/2020,B.1.160.7,46,UK/ENG
CAMB-1BAECE,10/11/2020,B.1.1.315,46,UK/ENG
CAMB-1BB11F,10/11/2020,B.1.177.4,46,UK/ENG
CAMB-1BB09A,10/11/2020,B.1.177,46,UK/ENG
CAMB-1BA392,11/11/2020,B.1.36.17,46,UK/ENG
CAMB-1BA329,11/11/2020,B.1.1.279,46,UK/ENG
CAMB-1BA3DE,11/11/2020,B.1.1.279,46,UK/ENG
CAMB-1BA3ED,11/11/2020,B.1.1.279,46,UK/ENG
CAMB-1BA699,11/11/2020,B.1.177,46,UK/ENG
CAMB-1BA3B0,11/11/2020,B.1.177,46,UK/ENG
CAMB-1BA6C6,11/11/2020,B.1.177,46,UK/ENG
NORW-F8812,11/11/2020,B.1.36,46,UK/ENG
EXET-13A743,11/11/2020,B.1.177.9,46,UK/ENG
CAMC-B77A0B,11/11/2020,B.1.177,46,UK/ENG
CAMB-1BA82A,11/11/2020,B.1.177,46,UK/ENG
CAMB-1BA848,11/11/2020,B.1.177,46,UK/ENG
CAMB-1BA8C0,11/11/2020,B.1.177,46,UK/ENG
CAMB-1BA8EE,11/11/2020,B.1.177,46,UK/ENG
CAMB-1BABD6,11/11/2020,B.1.5,46,UK/ENG
CAMB-1BACA6,11/11/2020,B.1.160.7,46,UK/ENG
CAMB-1BAC88,11/11/2020,B.1.160.7,46,UK/ENG
CAMB-1BAC6A,11/11/2020,B.1.160.7,46,UK/ENG
CAMB-1BADD0,11/11/2020,B.1.160.7,46,UK/ENG
CAMB-1BADB2,11/11/2020,B.1.160.7,46,UK/ENG
CAMB-1BAD94,11/11/2020,B.1.160.7,46,UK/ENG
CAMB-1BAD76,11/11/2020,B.1.160.7,46,UK/ENG
CAMB-1BAD58,11/11/2020,B.1.160.7,46,UK/ENG
CAMB-1BAC4C,11/11/2020,B.1.160.7,46,UK/ENG
CAMB-1BAD3A,11/11/2020,B.1.160.7,46,UK/ENG
CAMB-1BAD1C,11/11/2020,B.1.160.7,46,UK/ENG
CAMB-1BACF1,11/11/2020,B.1.160.7,46,UK/ENG
CAMB-1BAC79,11/11/2020,B.1.160.7,46,UK/ENG
CAMB-1BAC2E,11/11/2020,B.1.160.7,46,UK/ENG
CAMB-1BAC3D,11/11/2020,B.1.160.7,46,UK/ENG
CAMB-1BAB9A,11/11/2020,B.1.160.7,46,UK/ENG
CAMB-1BAB7C,11/11/2020,B.1.160.7,46,UK/ENG
CAMB-1BAB5E,11/11/2020,B.1.160.7,46,UK/ENG
CAMB-1BAB30,11/11/2020,B.1.160.7,46,UK/ENG
CAMB-1BAC00,11/11/2020,B.1.160.7,46,UK/ENG
CAMB-1BAB12,11/11/2020,B.1.160.7,46,UK/ENG
CAMB-1BAA9D,11/11/2020,B.1.160.7,46,UK/ENG
CAMB-1BAA7F,11/11/2020,B.1.160.7,46,UK/ENG
CAMB-1BAD49,11/11/2020,B.1.160.7,46,UK/ENG
CAMB-1BAA51,11/11/2020,B.1.160.7,46,UK/ENG
CAMB-1BABE5,11/11/2020,B.1.160.7,46,UK/ENG
CAMB-1BAA33,11/11/2020,B.1.160.7,46,UK/ENG
CAMB-1BAA15,11/11/2020,B.1.160.7,46,UK/ENG
CAMB-1BA9FA,11/11/2020,B.1.160.7,46,UK/ENG
CAMB-1BA9BE,11/11/2020,B.1.160.7,46,UK/ENG
CAMB-1BA972,11/11/2020,B.1.160.7,46,UK/ENG
CAMB-1BA954,11/11/2020,B.1.160.7,46,UK/ENG
CAMB-1BA918,11/11/2020,B.1.160.7,46,UK/ENG
CAMB-1BAD0D,11/11/2020,B.1.160.7,46,UK/ENG
CAMB-1BACE2,11/11/2020,B.1.160.7,46,UK/ENG
CAMB-1BACC4,11/11/2020,B.1.160.7,46,UK/ENG
CAMB-1BAC5B,11/11/2020,B.1.1,46,UK/ENG
CAMB-1BAABB,11/11/2020,B.1.1.315,46,UK/ENG
CAMB-1BACD3,11/11/2020,B.1.177.9,46,UK/ENG
CAMB-1BAC1F,11/11/2020,B.1.177,46,UK/ENG
CAMB-1BAAD9,11/11/2020,B.1.177,46,UK/ENG
CAMB-1BAD2B,11/11/2020,B.1.177,46,UK/ENG
CAMB-1BA936,11/11/2020,B.1.177,46,UK/ENG
CAMB-1BABF4,11/11/2020,B.1.177.2,46,UK/ENG
CAMB-1BA990,11/11/2020,B.1.177.2,46,UK/ENG
CAMB-1BA9DC,11/11/2020,B.1.177,46,UK/ENG
CAMB-1BA5F6,12/11/2020,B.1.36.9,46,UK/ENG
CAMC-B7A83B,12/11/2020,B.1.177,46,UK/ENG
CAMC-B7B982,12/11/2020,B.1.177,46,UK/ENG
CAMC-B79BCA,12/11/2020,B.1.177,46,UK/ENG
CAMC-B7B4DC,12/11/2020,B.1.177,46,UK/ENG
CAMC-B7B524,12/11/2020,B.1.177,46,UK/ENG
CAMC-B7B0E7,12/11/2020,B.1.36.17,46,UK/ENG
CAMC-B79F37,12/11/2020,B.1.36,46,UK/ENG
CAMC-B77458,12/11/2020,B.1.160.7,46,UK/ENG
CAMC-B78C13,12/11/2020,B.1.160.7,46,UK/ENG
CAMC-B79BD9,12/11/2020,B.1.160.7,46,UK/ENG
CAMC-B7A6E6,12/11/2020,B.1.160.7,46,UK/ENG
CAMC-B7B533,12/11/2020,B.1,46,UK/ENG
CAMC-B7A6C8,12/11/2020,B.1.1.44,46,UK/ENG
CAMC-B7A7D4,12/11/2020,B.1.1.204,46,UK/ENG
CAMC-B78105,12/11/2020,B.1.1,46,UK/ENG
CAMC-B790CB,12/11/2020,B.1.1.315,46,UK/ENG
CAMC-B7B515,12/11/2020,B.1.1.315,46,UK/ENG
CAMC-B7A9ED,12/11/2020,B.1.1.170,46,UK/ENG
CAMB-1BA81B,12/11/2020,B.1.1.7,46,UK/ENG
CAMC-B7A81D,12/11/2020,B.1.1.7,46,UK/ENG
CAMB-1BA8A2,12/11/2020,B.1.177,46,UK/ENG
CAMC-B7A6D7,12/11/2020,B.1.177,46,UK/ENG
CAMB-1BA839,12/11/2020,B.1.177,46,UK/ENG
CAMC-B780EA,12/11/2020,B.1.177,46,UK/ENG
CAMC-B7A798,12/11/2020,B.1.177,46,UK/ENG
CAMC-B7ABC9,12/11/2020,B.1.177,46,UK/ENG
CAMC-B7ABD8,12/11/2020,B.1.177,46,UK/ENG
CAMC-B7AEA2,12/11/2020,B.1.177,46,UK/ENG
NORW-F7FF0,12/11/2020,B.1.177,46,UK/ENG
CAMC-B78D89,12/11/2020,B.1.177,46,UK/ENG
CAMC-B7B928,12/11/2020,B.1.177,46,UK/ENG
CAMC-B7B937,12/11/2020,B.1.177,46,UK/ENG
CAMC-B78D98,12/11/2020,B.1.177.4,46,UK/ENG
CAMC-B7A1F4,12/11/2020,B.1.177.4,46,UK/ENG
CAMC-B7A200,12/11/2020,B.1.177.4,46,UK/ENG
CAMC-B7A5E9,12/11/2020,B.1.177.4,46,UK/ENG
CAMC-B7A7E3,12/11/2020,B.1.177.4,46,UK/ENG
CAMC-B7A7F2,12/11/2020,B.1.177.4,46,UK/ENG
CAMC-B7A868,12/11/2020,B.1.177.4,46,UK/ENG
CAMC-B7AEC0,12/11/2020,B.1.258,46,UK/ENG
CAMC-B7B4EB,12/11/2020,B.1.177,46,UK/ENG
CAMB-1BAE0A,12/11/2020,B.1.160.7,46,UK/ENG
CAMB-1BAB21,12/11/2020,B.1.160.7,46,UK/ENG
CAMB-1BA9AF,12/11/2020,B.1.160.7,46,UK/ENG
CAMB-1BADEF,12/11/2020,B.1.160.7,46,UK/ENG
CAMB-1BAB03,12/11/2020,B.1.160.7,46,UK/ENG
CAMB-1BA981,12/11/2020,B.1.160.7,46,UK/ENG
CAMB-1BADC1,12/11/2020,B.1.160.7,46,UK/ENG
CAMB-1BAAE8,12/11/2020,B.1.160.7,46,UK/ENG
CAMB-1BA963,12/11/2020,B.1.160.7,46,UK/ENG
CAMB-1BADA3,12/11/2020,B.1.160.7,46,UK/ENG
CAMB-1BAACA,12/11/2020,B.1.160.7,46,UK/ENG
CAMB-1BA945,12/11/2020,B.1.160.7,46,UK/ENG
CAMB-1BAD85,12/11/2020,B.1.160.7,46,UK/ENG
CAMB-1BAAAC,12/11/2020,B.1.160.7,46,UK/ENG
CAMB-1BA927,12/11/2020,B.1.160.7,46,UK/ENG
CAMB-1BAD67,12/11/2020,B.1.160.7,46,UK/ENG
CAMB-1BAA8E,12/11/2020,B.1.160.7,46,UK/ENG
CAMB-1BB2FE,12/11/2020,B.1.160.7,46,UK/ENG
CAMB-1BAA60,12/11/2020,B.1.160.7,46,UK/ENG
CAMB-1BB2D0,12/11/2020,B.1.160.7,46,UK/ENG
CAMB-1BABC7,12/11/2020,B.1.160.7,46,UK/ENG
CAMB-1BAA42,12/11/2020,B.1.160.7,46,UK/ENG
CAMB-1BB2B2,12/11/2020,B.1.160.7,46,UK/ENG
CAMB-1BABA9,12/11/2020,B.1.160.7,46,UK/ENG
CAMB-1BAA24,12/11/2020,B.1.160.7,46,UK/ENG
CAMB-1BB294,12/11/2020,B.1.160.7,46,UK/ENG
CAMB-1BAB8B,12/11/2020,B.1.160.7,46,UK/ENG
CAMB-1BAA06,12/11/2020,B.1.160.7,46,UK/ENG
CAMB-1BB276,12/11/2020,B.1.160.7,46,UK/ENG
CAMB-1BAB6D,12/11/2020,B.1.160.7,46,UK/ENG
CAMB-1BA9EB,12/11/2020,B.1.160.7,46,UK/ENG
CAMB-1BAB4F,12/11/2020,B.1.160.7,46,UK/ENG
CAMB-1BA9CD,12/11/2020,B.1.160.7,46,UK/ENG
CAMB-1BB23A,12/11/2020,B.1.160.7,46,UK/ENG
CAMC-B78DE3,12/11/2020,B.1.160.7,46,UK/ENG
CAMB-1BB258,12/11/2020,B.1.177,46,UK/ENG
CAMB-1BA58D,13/11/2020,B.1.177.6,46,UK/ENG
CAMB-1BA5D8,13/11/2020,B.1.177,46,UK/ENG
CAMC-B7B427,13/11/2020,B.1.160.7,46,UK/ENG
CAMB-1BBA7E,13/11/2020,B.1.1.311,46,UK/ENG
CAMC-B7AAEA,13/11/2020,B.1.1.37,46,UK/ENG
CAMB-1BBA9C,13/11/2020,B.1.1.315,46,UK/ENG
CAMB-1BBA14,13/11/2020,B.1.177.9,46,UK/ENG
CAMB-1BBA32,13/11/2020,B.1.177.6,46,UK/ENG
CAMB-1BBA50,13/11/2020,B.1.177,46,UK/ENG
CAMB-1BBC96,13/11/2020,B.1.160.7,46,UK/ENG
CAMB-1BBC78,13/11/2020,B.1.160.7,46,UK/ENG
CAMB-1BBC5A,13/11/2020,B.1.160.7,46,UK/ENG
CAMB-1BBC3C,13/11/2020,B.1.160.7,46,UK/ENG
CAMB-1BBC1E,13/11/2020,B.1.160.7,46,UK/ENG
CAMB-1BBBF3,13/11/2020,B.1.160.7,46,UK/ENG
CAMB-1BBB11,13/11/2020,B.1.160.7,46,UK/ENG
CAMB-1BBAF6,13/11/2020,B.1.160.7,46,UK/ENG
CAMB-1BBAD8,13/11/2020,B.1.160.7,46,UK/ENG
CAMB-1BBEAF,13/11/2020,B.1.160.7,46,UK/ENG
CAMB-1BBE81,13/11/2020,B.1.160.7,46,UK/ENG
CAMB-1BBE45,13/11/2020,B.1.160.7,46,UK/ENG
CAMB-1BBDEE,13/11/2020,B.1.160.7,46,UK/ENG
CAMB-1BBDC0,13/11/2020,B.1.160.7,46,UK/ENG
CAMB-1BBDA2,13/11/2020,B.1.160.7,46,UK/ENG
CAMB-1BBD66,13/11/2020,B.1.160.7,46,UK/ENG
CAMB-1BBD48,13/11/2020,B.1.160.7,46,UK/ENG
CAMB-1BBD0C,13/11/2020,B.1.160.7,46,UK/ENG
CAMB-1BBCE1,13/11/2020,B.1.160.7,46,UK/ENG
CAMB-1BBCC3,13/11/2020,B.1.160.7,46,UK/ENG
CAMB-1BBA05,13/11/2020,B.1.160.7,46,UK/ENG
CAMB-1BBE09,13/11/2020,B.1.1.307,46,UK/ENG
CAMB-1BBD84,13/11/2020,B.1.1.315,46,UK/ENG
CAMB-1BBCB4,13/11/2020,B.1.177.9,46,UK/ENG
CAMB-1BBABA,13/11/2020,B.1.177.9,46,UK/ENG
CAMB-1BBE27,13/11/2020,B.1.1.7,46,UK/ENG
CAMB-1BBE63,13/11/2020,B.1.177.4,46,UK/ENG
CAMB-1BBBD5,13/11/2020,B.1.177,46,UK/ENG
CAMB-1BBD2A,13/11/2020,B.1.177,46,UK/ENG
CAMB-1BA550,14/11/2020,B.1.160.7,46,UK/ENG
CAMB-1BA444,14/11/2020,B.1.1.307,46,UK/ENG
CAMB-1BA4DB,14/11/2020,B.1.1.279,46,UK/ENG
NORW-F80CF,14/11/2020,B.1.177,46,UK/ENG
CAMC-B98169,15/11/2020,B.1.177,47,UK/ENG
CAMC-B99414,15/11/2020,B.1.177,47,UK/ENG
CAMC-B9AC57,15/11/2020,B.1.177,47,UK/ENG
CAMC-B9A0C4,15/11/2020,B.1.177,47,UK/ENG
CAMC-B9903E,15/11/2020,B.1.36.17,47,UK/ENG
CAMC-B98E53,15/11/2020,B.1.160.7,47,UK/ENG
CAMC-B98178,15/11/2020,B.1.177.17,47,UK/ENG
CAMC-B99906,15/11/2020,B.1.177.17,47,UK/ENG
CAMC-B99924,15/11/2020,B.1.177.17,47,UK/ENG
CAMC-B99933,15/11/2020,B.1.177.17,47,UK/ENG
CAMC-B9997F,15/11/2020,B.1.177.9,47,UK/ENG
CAMC-B9A0A6,15/11/2020,B.1.177.17,47,UK/ENG
CAMC-B9A0D3,15/11/2020,B.1.177.17,47,UK/ENG
CAMC-B9A0E2,15/11/2020,B.1.177.17,47,UK/ENG
CAMC-B9A10D,15/11/2020,B.1.177.17,47,UK/ENG
CAMC-B9A12B,15/11/2020,B.1.177.17,47,UK/ENG
CAMC-B984E8,15/11/2020,B.1.1.7,47,UK/ENG
CAMC-B9904D,15/11/2020,B.1.1.7,47,UK/ENG
CAMC-B98AD7,15/11/2020,B.1.1.7,47,UK/ENG
CAMC-B98F41,15/11/2020,B.1.177,47,UK/ENG
CAMC-B98F50,15/11/2020,B.1.177,47,UK/ENG
CAMC-B98F6F,15/11/2020,B.1.177,47,UK/ENG
CAMC-B98819,15/11/2020,B.1.1.1,47,UK/ENG
CAMC-B9ADCD,15/11/2020,B.1.177.10,47,UK/ENG
CAMC-B9A4F5,15/11/2020,B.1.177.19,47,UK/ENG
CAMC-B982FD,15/11/2020,B.1.177,47,UK/ENG
CAMC-B98309,15/11/2020,B.1.177,47,UK/ENG
CAMC-B98327,15/11/2020,B.1.177.16,47,UK/ENG
CAMC-B99423,15/11/2020,B.1.177.16,47,UK/ENG
CAMC-B996E1,15/11/2020,B.1.177.16,47,UK/ENG
CAMC-B999CA,15/11/2020,B.1.177.16,47,UK/ENG
CAMC-B999D9,15/11/2020,B.1.177.16,47,UK/ENG
CAMC-B9ADAF,15/11/2020,B.1.177.17,47,UK/ENG
CAMC-B99B00,15/11/2020,B.1.177,47,UK/ENG
CAMC-B98D38,15/11/2020,B.1.177,47,UK/ENG
CAMC-B99098,15/11/2020,B.1.177,47,UK/ENG
CAMC-B998EB,15/11/2020,B.1.177,47,UK/ENG
CAMC-B9A4E6,15/11/2020,B.1.177.26,47,UK/ENG
CAMC-B984F7,15/11/2020,B.1.177,47,UK/ENG
CAMC-B98521,15/11/2020,B.1.177,47,UK/ENG
CAMC-B98D47,15/11/2020,B.1.177,47,UK/ENG
CAMC-B99001,15/11/2020,B.1.177,47,UK/ENG
CAMC-B9972A,15/11/2020,B.1.177,47,UK/ENG
CAMC-B99915,15/11/2020,B.1.177,47,UK/ENG
CAMC-B99AA9,15/11/2020,B.1.177,47,UK/ENG
CAMC-B99E16,15/11/2020,B.1.177,47,UK/ENG
CAMC-B99E25,15/11/2020,B.1.177,47,UK/ENG
CAMC-B9A176,15/11/2020,B.1.177.7,47,UK/ENG
CAMC-B9ABE1,15/11/2020,B.1.177,47,UK/ENG
CAMC-B9ABF0,15/11/2020,B.1.177,47,UK/ENG
CAMC-B9AC39,15/11/2020,B.1.177,47,UK/ENG
CAMC-B9958A,15/11/2020,B.1.177,47,UK/ENG
CAMC-B98512,15/11/2020,B.1.177.4,47,UK/ENG
CAMC-B98D74,15/11/2020,B.1.177.4,47,UK/ENG
CAMC-B9A097,15/11/2020,B.1.177.4,47,UK/ENG
CAMC-B99960,15/11/2020,B.1.177.4,47,UK/ENG
CAMC-B98187,15/11/2020,B.1.177.4,47,UK/ENG
CAMC-B996D2,15/11/2020,B.1.177.4,47,UK/ENG
CAMC-B9A0B5,15/11/2020,B.1.177,47,UK/ENG
CAMC-B98E62,15/11/2020,B.1.160.7,47,UK/ENG
CAMC-B99A9A,15/11/2020,B.1.160.7,47,UK/ENG
CAMB-1BA75A,16/11/2020,B.1.177,47,UK/ENG
CAMB-1BB49E,16/11/2020,B.1.177,47,UK/ENG
CAMC-B9A53E,16/11/2020,B.1.1.7,47,UK/ENG
CAMB-1BBA6F,16/11/2020,B.1.177,47,UK/ENG
CAMB-1BB980,16/11/2020,B.1.177.6,47,UK/ENG
CAMB-1BBA41,16/11/2020,B.1.177.6,47,UK/ENG
CAMB-1BBA8D,16/11/2020,B.1.177.6,47,UK/ENG
CAMB-1BB962,16/11/2020,B.1.177.4,47,UK/ENG
CAMC-B9A52F,16/11/2020,B.1.177.4,47,UK/ENG
CAMB-1BBC87,16/11/2020,B.1.160.7,47,UK/ENG
CAMB-1BBC4B,16/11/2020,B.1.160.7,47,UK/ENG
CAMB-1BBC2D,16/11/2020,B.1.160.7,47,UK/ENG
CAMB-1BBC0F,16/11/2020,B.1.160.7,47,UK/ENG
CAMB-1BBBE4,16/11/2020,B.1.160.7,47,UK/ENG
CAMB-1BBBC6,16/11/2020,B.1.160.7,47,UK/ENG
CAMB-1BBB4E,16/11/2020,B.1.160.7,47,UK/ENG
CAMB-1BB9CC,16/11/2020,B.1.160.7,47,UK/ENG
CAMB-1BBB3F,16/11/2020,B.1.1.315,47,UK/ENG
CAMB-1BBC69,16/11/2020,B.1.1.315,47,UK/ENG
CAMB-1BBA23,16/11/2020,B.1.177.9,47,UK/ENG
CAMB-1BB4AD,16/11/2020,B.1.177.4,47,UK/ENG
CAMB-1BBB5D,16/11/2020,B.1.177.4,47,UK/ENG
CAMB-1BB9DB,17/11/2020,B.1.221,47,UK/ENG
CAMB-1BB9F9,17/11/2020,B.1.221,47,UK/ENG
CAMB-1BB926,17/11/2020,B.1.177.9,47,UK/ENG
CAMB-1BB944,17/11/2020,B.1.1.7,47,UK/ENG
CAMB-1BB917,17/11/2020,B.1.177.6,47,UK/ENG
CAMB-1BBAAB,17/11/2020,B.1.177.4,47,UK/ENG
CAMB-1BBE90,17/11/2020,B.1.160.7,47,UK/ENG
CAMB-1BBE72,17/11/2020,B.1.160.7,47,UK/ENG
CAMB-1BBE54,17/11/2020,B.1.160.7,47,UK/ENG
CAMB-1BBE36,17/11/2020,B.1.160.7,47,UK/ENG
CAMB-1BBDFD,17/11/2020,B.1.160.7,47,UK/ENG
CAMB-1BBDDF,17/11/2020,B.1.160.7,47,UK/ENG
CAMB-1BBDB1,17/11/2020,B.1.160.7,47,UK/ENG
CAMB-1BBD93,17/11/2020,B.1.160.7,47,UK/ENG
CAMB-1BBD75,17/11/2020,B.1.160.7,47,UK/ENG
CAMB-1BBD57,17/11/2020,B.1.160.7,47,UK/ENG
CAMB-1BBB7B,17/11/2020,B.1.160.7,47,UK/ENG
CAMB-1BBBA8,17/11/2020,B.1.160.7,47,UK/ENG
CAMB-1BBB8A,17/11/2020,B.1.160.7,47,UK/ENG
CAMB-1BBB6C,17/11/2020,B.1.160.7,47,UK/ENG
CAMB-1BB8ED,18/11/2020,B.1.1.315,47,UK/ENG
CAMB-1BB540,18/11/2020,B.1.177,47,UK/ENG
CAMB-1BB9BD,18/11/2020,B.1.36.9,47,UK/ENG
CAMB-1BB953,18/11/2020,B.1.1.7,47,UK/ENG
MILK-BAC3A8,18/11/2020,B.1.1.7,47,UK/ENG
CAMB-1BB99F,18/11/2020,B.1.177,47,UK/ENG
CAMB-1BB9EA,18/11/2020,B.1.258,47,UK/ENG
CAMB-1BB971,18/11/2020,B.1.177.6,47,UK/ENG
CAMB-1BB9AE,18/11/2020,B.1.177,47,UK/ENG
CAMB-1BBCF0,18/11/2020,B.1.160.7,47,UK/ENG
CAMB-1BBB99,18/11/2020,B.1.160.7,47,UK/ENG
CAMB-1BBCA5,18/11/2020,B.1.160.7,47,UK/ENG
CAMB-1BBD39,18/11/2020,B.1.177.19,47,UK/ENG
CAMB-1BBAE7,18/11/2020,B.1.177.16,47,UK/ENG
CAMB-1BBAC9,18/11/2020,B.1.177.16,47,UK/ENG
CAMB-1BB935,18/11/2020,B.1.177,47,UK/ENG
CAMB-1BB73B,19/11/2020,B.1.36.17,47,UK/ENG
CAMB-1BB856,19/11/2020,B.1.1.311,47,UK/ENG
CAMB-1BB777,19/11/2020,B.1.177.6,47,UK/ENG
CAMB-1BB7B3,19/11/2020,B.1.177.6,47,UK/ENG
CAMB-1BB908,19/11/2020,B.1.1.279,47,UK/ENG
CAMB-1BBE18,19/11/2020,B.1.160.7,47,UK/ENG
CAMB-1BBBB7,19/11/2020,B.1.160.7,47,UK/ENG
CAMB-1BBB20,19/11/2020,B.1.160.7,47,UK/ENG
CAMB-1BBB02,19/11/2020,B.1.177,47,UK/ENG
CAMB-1BB698,20/11/2020,B.1.258.11,47,UK/ENG
CAMB-1BB689,20/11/2020,B.1.177.6,47,UK/ENG
CAMC-BC003E,20/11/2020,B.1.177,47,UK/ENG
CAMB-1BCA31,20/11/2020,B.1.177,47,UK/ENG
CAMB-1BCA5F,20/11/2020,B.1.177,47,UK/ENG
CAMB-1BC98F,20/11/2020,B.1.177,47,UK/ENG
CAMB-1BB66B,21/11/2020,B.1.177.6,47,UK/ENG
CAMC-BBE4CE,21/11/2020,B.1.177.9,47,UK/ENG
CAMC-BBBEA5,21/11/2020,B.1.1.7,47,UK/ENG
CAMC-BBC017,21/11/2020,B.1.1.7,47,UK/ENG
CAMC-BBC4A2,21/11/2020,B.1.1.7,47,UK/ENG
CAMC-BBCC13,21/11/2020,B.1.1.7,47,UK/ENG
CAMC-BBBFB1,21/11/2020,B.1.177,47,UK/ENG
CAMC-BBBFC0,21/11/2020,B.1.177.16,47,UK/ENG
CAMC-BBBF1B,21/11/2020,B.1.177,47,UK/ENG
CAMC-BBBF39,21/11/2020,B.1.177,47,UK/ENG
CAMC-BBC053,21/11/2020,B.1.177,47,UK/ENG
CAMC-BBC071,21/11/2020,B.1.177,47,UK/ENG
CAMC-BBC4B1,21/11/2020,B.1.177,47,UK/ENG
CAMC-BBC590,21/11/2020,B.1.177,47,UK/ENG
CAMC-BBCA64,21/11/2020,B.1.177,47,UK/ENG
CAMC-BBBC14,21/11/2020,B.1.177.4,47,UK/ENG
CAMC-BBBE1E,21/11/2020,B.1.177.4,47,UK/ENG
CAMC-BBCA46,21/11/2020,B.1.177.4,47,UK/ENG
CAMC-BBCA55,21/11/2020,B.1.177.4,47,UK/ENG
CAMC-BBFF08,21/11/2020,B.1.177.4,47,UK/ENG
CAMC-BBFF17,21/11/2020,B.1.177.4,47,UK/ENG
CAMC-BBC68E,21/11/2020,B.1.177,47,UK/ENG
CAMC-BBC062,21/11/2020,B.1.177,47,UK/ENG
CAMB-1BC943,21/11/2020,B.1.160.7,48,UK/ENG
CAMC-BBC493,21/11/2020,B.1.177,47,UK/ENG
CAMB-1BB5E6,22/11/2020,B.1.177.6,48,UK/ENG
CAMC-BC0818,22/11/2020,B.1.177,48,UK/ENG
CAMC-BC0827,22/11/2020,B.1.177,48,UK/ENG
CAMC-BC211B,22/11/2020,B.1.36.9,48,UK/ENG
CAMC-BC08EB,22/11/2020,B.1.160.7,48,UK/ENG
CAMC-BBB8F2,22/11/2020,B.1,48,UK/ENG
CAMC-BBDD4C,22/11/2020,B.1.88.1,48,UK/ENG
CAMC-BC1A3F,22/11/2020,B.1.1.277,48,UK/ENG
CAMC-BC0010,22/11/2020,B.1.1.196,48,UK/ENG
CAMC-BBB90E,22/11/2020,B.1.1.315,48,UK/ENG
CAMC-BC2306,22/11/2020,B.1.1.315,48,UK/ENG
CAMC-BC070C,22/11/2020,B.1.177.9,48,UK/ENG
CAMC-BC1431,22/11/2020,B.1.177.17,48,UK/ENG
CAMC-BC1A20,22/11/2020,B.1.177.9,48,UK/ENG
CAMC-BBB94A,22/11/2020,B.1.1.7,48,UK/ENG
CAMC-BBCC7D,22/11/2020,B.1.1.7,48,UK/ENG
CAMC-BBD1E6,22/11/2020,B.1.1.7,48,UK/ENG
CAMC-BBD4B0,22/11/2020,B.1.1.7,48,UK/ENG
CAMC-BBDB8E,22/11/2020,B.1.1.7,48,UK/ENG
CAMC-BC0B4C,22/11/2020,B.1.1.7,48,UK/ENG
CAMC-BC0D19,22/11/2020,B.1.1.7,48,UK/ENG
CAMC-BC1A11,22/11/2020,B.1.1.7,48,UK/ENG
CAMC-BC0238,22/11/2020,B.1.177,48,UK/ENG
CAMC-BC071B,22/11/2020,B.1.177,48,UK/ENG
CAMC-BBE1F4,22/11/2020,B.1.177,48,UK/ENG
CAMC-BBFFCC,22/11/2020,B.1.177.16,48,UK/ENG
CAMC-BC1BF0,22/11/2020,B.1.177,48,UK/ENG
CAMC-BC1422,22/11/2020,B.1.177,48,UK/ENG
CAMC-BC06F0,22/11/2020,B.1.177,48,UK/ENG
CAMC-BBD1D7,22/11/2020,B.1.177,48,UK/ENG
CAMC-BC0B5B,22/11/2020,B.1.177,48,UK/ENG
CAMC-BC1BD2,22/11/2020,B.1.177.7,48,UK/ENG
CAMC-BC0836,22/11/2020,B.1.177,48,UK/ENG
CAMC-BC22EB,22/11/2020,B.1.177,48,UK/ENG
CAMC-BC002F,22/11/2020,B.1.177.4,48,UK/ENG
CAMC-BBD22F,22/11/2020,B.1.177,48,UK/ENG
CAMC-BC06E1,22/11/2020,B.1.160.7,48,UK/ENG
CAMB-1BC934,23/11/2020,B.1.221,48,UK/ENG
NORW-F6304,23/11/2020,B.1.36,48,UK/ENG
NORW-F8B37,23/11/2020,B.1.36,48,UK/ENG
CAMC-BC05F3,23/11/2020,B.1,48,UK/ENG
CAMC-BC1EE8,23/11/2020,B.1.36.9,48,UK/ENG
CAMB-1BC916,23/11/2020,B.1.1.279,48,UK/ENG
CAMC-BC1F03,23/11/2020,B.1.1.315,48,UK/ENG
CAMC-BC1ED9,23/11/2020,B.1.177.9,48,UK/ENG
CAMC-BC1EF7,23/11/2020,B.1.177.9,48,UK/ENG
CAMB-1BC9F8,23/11/2020,B.1.1.7,48,UK/ENG
CAMB-1BCA13,23/11/2020,B.1.177.6,48,UK/ENG
CAMB-1BCA6E,23/11/2020,B.1.177.6,48,UK/ENG
NORW-F6F3D,24/11/2020,B.1.36,48,UK/ENG
CAMB-1BCA22,24/11/2020,B.1.1.7,48,UK/ENG
CAMB-1BCA40,24/11/2020,B.1.1.7,48,UK/ENG
NORW-F6FD3,24/11/2020,B.1.177,48,UK/ENG
NORW-F6FF1,24/11/2020,B.1.177,48,UK/ENG
CAMB-1BC9E9,24/11/2020,B.1.177.6,48,UK/ENG
CAMB-1BCA04,24/11/2020,B.1.177.6,48,UK/ENG
CAMB-1BC961,24/11/2020,B.1.160.7,48,UK/ENG
CAMB-1BC925,24/11/2020,B.1.160.7,48,UK/ENG
CAMB-1B78E1,24/11/2020,B.1.177.9,48,UK/ENG
CAMB-1BC309,25/11/2020,B.1.221,48,UK/ENG
QEUH-BCB455,25/11/2020,B.1,48,UK/ENG
CAMB-1BC9CB,25/11/2020,B.1.1.7,48,UK/ENG
NORW-F8FC2,25/11/2020,B.1.1.7,48,UK/ENG
QEUH-BCB446,25/11/2020,B.1.177,48,UK/ENG
NORW-F7154,25/11/2020,B.1.177,48,UK/ENG
CAMB-1BC952,25/11/2020,B.1.177.6,48,UK/ENG
CAMB-1BC20C,26/11/2020,B.1.1.240,48,UK/ENG
CAMB-1BC59A,26/11/2020,B.1.177.6,48,UK/ENG
CAMB-1BC54F,26/11/2020,B.1.177,48,UK/ENG
NORW-F918F,26/11/2020,B.1.36,48,UK/ENG
NORW-F6243,26/11/2020,B.1.177.17,48,UK/ENG
CAMB-1BC970,26/11/2020,B.1.1.7,48,UK/ENG
CAMB-1BC99E,26/11/2020,B.1.1.7,48,UK/ENG
CAMB-1BC9BC,26/11/2020,B.1.1.7,48,UK/ENG
CAMB-1BC9AD,26/11/2020,B.1.177,48,UK/ENG
CAMB-1BC9DA,26/11/2020,B.1.177.6,48,UK/ENG
QEUH-BCC278,26/11/2020,B.1.177.4,48,UK/ENG
QEUH-BCB3EF,26/11/2020,B.1.177,48,UK/ENG
QEUH-BCB482,26/11/2020,B.1.177,48,UK/ENG
CAMB-1BC433,27/11/2020,B.1.177,48,UK/ENG
CAMB-1BC460,27/11/2020,B.1.177.6,48,UK/ENG
CAMB-1BC48E,27/11/2020,B.1.177.6,48,UK/ENG
CAMB-1BC4BB,27/11/2020,B.1.177.6,48,UK/ENG
CAMB-1BC4CA,27/11/2020,B.1.177.6,48,UK/ENG
NORW-F6331,27/11/2020,B.1.36,48,UK/ENG
CAMC-BD189C,27/11/2020,B.1.1.307,48,UK/ENG
CAMC-BD4486,27/11/2020,B.1.1.307,48,UK/ENG
CAMC-BD18BA,27/11/2020,B.1.1.37,48,UK/ENG
CAMC-BD18D8,27/11/2020,B.1.1.37,48,UK/ENG
CAMC-BD186F,27/11/2020,B.1.1.315,48,UK/ENG
CAMC-BD20DF,27/11/2020,B.1.1.315,48,UK/ENG
CAMC-BD20EE,27/11/2020,B.1.1.315,48,UK/ENG
CAMC-BD435C,27/11/2020,B.1.1.315,48,UK/ENG
CAMC-BD46DB,27/11/2020,B.1.1.315,48,UK/ENG
CAMC-BD48C6,27/11/2020,B.1.1.315,48,UK/ENG
CAMB-1BD46F,27/11/2020,B.1.1.7,48,UK/ENG
CAMB-1BD65A,27/11/2020,B.1.1.7,48,UK/ENG
CAMC-BD1841,27/11/2020,B.1.1.7,48,UK/ENG
CAMC-BD15E0,27/11/2020,B.1.177.16,48,UK/ENG
CAMC-BD18AB,27/11/2020,B.1.177,48,UK/ENG
CAMC-BD160B,27/11/2020,B.1.177,48,UK/ENG
CAMB-1BD678,27/11/2020,B.1.177.6,48,UK/ENG
CAMC-BD46AE,27/11/2020,B.1.177,48,UK/ENG
CAMC-BD48A8,27/11/2020,B.1.177,48,UK/ENG
CAMC-BD1805,27/11/2020,B.1.177,48,UK/ENG
CAMC-BD1823,27/11/2020,B.1.177,48,UK/ENG
CAMC-BD1832,27/11/2020,B.1.177,48,UK/ENG
CAMC-BD1850,27/11/2020,B.1.177,48,UK/ENG
CAMC-BD1814,27/11/2020,B.1.177.4,48,UK/ENG
CAMC-BD48D5,27/11/2020,B.1.177.4,48,UK/ENG
CAMC-BD187E,27/11/2020,B.1.177,48,UK/ENG
CAMC-BD18E7,27/11/2020,B.1.177,48,UK/ENG
CAMB-1BC424,28/11/2020,B.1.177.17,48,UK/ENG
CAMC-BD20C0,28/11/2020,B.1.1.37,48,UK/ENG
CAMC-BD28E6,28/11/2020,B.1.1.7,48,UK/ENG
CAMC-BD1ED6,28/11/2020,B.1.177.17,48,UK/ENG
CAMC-BD2260,28/11/2020,B.1.177,48,UK/ENG
CAMC-BD228E,28/11/2020,B.1.177,48,UK/ENG
CAMC-BD21AF,28/11/2020,B.1.177,48,UK/ENG
CAMC-BD227F,28/11/2020,B.1.177,48,UK/ENG
CAMC-BD2172,28/11/2020,B.1.177.4,48,UK/ENG
CAMC-BD2303,28/11/2020,B.1.177.4,48,UK/ENG
NORW-222EC0,28/11/2020,B.1.177,48,UK/ENG
CAMB-1BC697,29/11/2020,B.1.1.7,49,UK/ENG
CAMB-1BC336,29/11/2020,B.1.177.6,49,UK/ENG
CAMB-1BC354,29/11/2020,B.1.177.6,49,UK/ENG
CAMB-1BC767,29/11/2020,B.1.177.6,49,UK/ENG
CAMC-BD154A,29/11/2020,B.1,49,UK/ENG
CAMC-BD1234,29/11/2020,B.1.1.7,49,UK/ENG
CAMC-BD1243,29/11/2020,B.1.177.6,49,UK/ENG
CAMB-1BD4AB,30/11/2020,B.1.1.130,49,UK/ENG
CAMB-1BD4C9,30/11/2020,B.1.177.6,49,UK/ENG
CAMB-1BD520,30/11/2020,B.1.177.6,49,UK/ENG
CAMB-1BD62D,30/11/2020,B.1.177.6,49,UK/ENG
CAMB-1BD64B,30/11/2020,B.1.177.6,49,UK/ENG
CAMB-1BD669,30/11/2020,B.1.177.6,49,UK/ENG
CAMB-1BD4BA,30/11/2020,B.1.160.7,49,UK/ENG
CAMB-1BD53F,30/11/2020,B.1.177,49,UK/ENG
CAMB-1BD4D8,30/11/2020,B.1.177,49,UK/ENG
CAMB-1BD49C,30/11/2020,B.1.177,49,UK/ENG
CAMB-1BD54E,30/11/2020,B.1.177,49,UK/ENG
CAMB-1BD502,01/12/2020,B.1.221,49,UK/ENG
CAMC-CB3282,01/12/2020,B.1.36,49,UK/ENG
CAMC-CB2D73,01/12/2020,B.1.36.6,49,UK/ENG
NORW-F6717,01/12/2020,B.1.177,49,UK/ENG
NORW-F8E6B,01/12/2020,B.1.177,49,UK/ENG
CAMB-1BD4E7,01/12/2020,B.1.177.6,49,UK/ENG
CAMB-1BD5F3,01/12/2020,B.1.177.6,49,UK/ENG
CAMB-1BD61E,01/12/2020,B.1.177.6,49,UK/ENG
CAMB-1BD4F6,01/12/2020,B.1.1.7,49,UK/ENG
CAMB-1BD511,01/12/2020,B.1.177,49,UK/ENG
CAMB-1BD47E,01/12/2020,B.1.177,49,UK/ENG
CAMB-1BD450,01/12/2020,B.1.177,49,UK/ENG
CAMB-1BCCFF,02/12/2020,B.1.1.130,49,UK/ENG
CAMB-1BCFAB,02/12/2020,B.1.177.19,49,UK/ENG
CAMB-1BCD38,02/12/2020,B.1.258,49,UK/ENG
CAMB-1BCC77,02/12/2020,B.1.177.6,49,UK/ENG
NORW-F750D,02/12/2020,B.1.36.17,49,UK/ENG
CAMB-1BD5B7,02/12/2020,B.1.160.7,49,UK/ENG
CAMB-1BD5D5,02/12/2020,B.1.177.6,49,UK/ENG
CAMB-1BD60F,02/12/2020,B.1.177.6,49,UK/ENG
NORW-F7716,02/12/2020,B.1.177,49,UK/ENG
CAMB-1BCFBA,03/12/2020,B.1.177.19,49,UK/ENG
CAMB-1BCFC9,03/12/2020,B.1.177.19,49,UK/ENG
CAMB-1BCEF9,03/12/2020,B.1.177,49,UK/ENG
CAMB-1BD55D,03/12/2020,B.1.1.7,49,UK/ENG
CAMB-1BD599,03/12/2020,B.1.1.7,49,UK/ENG
CAMC-CB3158,03/12/2020,B.1.1.32,49,UK/ENG
NORW-F6B0C,03/12/2020,B.1.177.10,49,UK/ENG
CAMB-1BD57B,03/12/2020,B.1.177.6,49,UK/ENG
CAMB-1BD5C6,03/12/2020,B.1.177.6,49,UK/ENG
CAMB-1BD5E4,03/12/2020,B.1.177,49,UK/ENG
CAMB-1BD58A,03/12/2020,B.1.177,49,UK/ENG
CAMB-1BD5A8,03/12/2020,B.1.177,49,UK/ENG
CAMB-1BCF05,04/12/2020,B.1.177.19,49,UK/ENG
CAMB-1BCDCF,04/12/2020,B.1.177,49,UK/ENG
CAMB-1BCF41,04/12/2020,B.1.177,49,UK/ENG
CAMC-BFBA1E,04/12/2020,B.1.1.307,49,UK/ENG
CAMC-BFBA0F,04/12/2020,B.1.1.315,49,UK/ENG
CAMC-BFBED6,04/12/2020,B.1.1.7,49,UK/ENG
ALDP-C068D9,04/12/2020,B.1.1,49,UK/ENG
NORW-F7497,04/12/2020,B.1.177,49,UK/ENG
CAMC-BFBE7C,04/12/2020,B.1.177.4,49,UK/ENG
CAMC-BFB8C9,04/12/2020,B.1.177.4,49,UK/ENG
CAMB-1BCE26,05/12/2020,B.1.177.6,49,UK/ENG
NORW-EFC9A,05/12/2020,B.1,49,UK/ENG
CAMC-BFB753,05/12/2020,B.1.1.294,49,UK/ENG
CAMC-BFB744,05/12/2020,B.1.1.7,49,UK/ENG
NORW-F7039,05/12/2020,B.1.177,49,UK/ENG
CAMC-BFC0FD,05/12/2020,B.1.177,49,UK/ENG
ALDP-C068AC,05/12/2020,B.1.177.4,49,UK/ENG
CAMC-BFB771,05/12/2020,B.1.177,49,UK/ENG
NORW-F3A11,06/12/2020,B.1.177.16,50,UK/ENG
CAMB-1BD2FC,07/12/2020,B.1.1.7,50,UK/ENG
CAMC-C2CAE6,07/12/2020,B.1,50,UK/ENG
NORW-21F734,07/12/2020,B.1.177,50,UK/ENG
NORW-21F804,07/12/2020,B.1.177,50,UK/ENG
CAMB-1BD687,08/12/2020,B.1.177.19,50,UK/ENG
CAMB-1BD696,08/12/2020,B.1.177.19,50,UK/ENG
CAMB-1BD6A5,08/12/2020,B.1.177.19,50,UK/ENG
CAMB-1BD6C3,08/12/2020,B.1.177.19,50,UK/ENG
CAMB-1BD9E8,08/12/2020,B.1.177,50,UK/ENG
CAMC-C2C8FB,08/12/2020,B.1,50,UK/ENG
CAMC-C2C907,08/12/2020,B.1,50,UK/ENG
CAMC-C2CE08,08/12/2020,B.1.1.7,50,UK/ENG
CAMC-C2D46F,08/12/2020,B.1.1.7,50,UK/ENG
CAMC-C26150,08/12/2020,B.1.258,50,UK/ENG
CAMC-C2C916,08/12/2020,B.1.177,50,UK/ENG
CAMC-C2C8EC,08/12/2020,B.1.177.4,50,UK/ENG
NORW-F3B0F,09/12/2020,B.1.36.17,50,UK/ENG
CAMB-A97A24,10/12/2020,B.1.1.7,50,UK/ENG
CAMC-C44945,10/12/2020,B.1.1.130,50,UK/ENG
CAMC-C435E8,10/12/2020,B.1.1.7,50,UK/ENG
CAMC-C47863,10/12/2020,B.1.1.7,50,UK/ENG
CAMC-C435CA,10/12/2020,B.1.1.7,50,UK/ENG
CAMC-C46970,10/12/2020,B.1.1.7,50,UK/ENG
CAMC-C43A8F,10/12/2020,B.1.1.7,50,UK/ENG
CAMC-C400F9,10/12/2020,B.1.1.7,50,UK/ENG
CAMC-C44C88,10/12/2020,B.1.177.20,50,UK/ENG
CAMC-C43A9E,10/12/2020,B.1.177,50,UK/ENG
CAMC-C4739F,10/12/2020,B.1.258,50,UK/ENG
NORW-F8706,10/12/2020,B.1.177,50,UK/ENG
NORW-FA0DC,10/12/2020,B.1.177,50,UK/ENG
NORW-FA0EB,10/12/2020,B.1.177,50,UK/ENG
CAMC-C435BB,10/12/2020,B.1.177,50,UK/ENG
CAMC-C47809,10/12/2020,B.1.177,50,UK/ENG
CAMC-C46961,10/12/2020,B.1.177.4,50,UK/ENG
CAMC-C4698F,10/12/2020,B.1.177.4,50,UK/ENG
CAMC-C478BE,10/12/2020,B.1.177.4,50,UK/ENG
CAMB-A978A2,11/12/2020,B.1.177,50,UK/ENG
CAMB-A97963,11/12/2020,B.1.177.6,50,UK/ENG
NORW-21F6CE,11/12/2020,B.1.36,50,UK/ENG
NORW-21F910,11/12/2020,B.1.36,50,UK/ENG
NORW-21FEC6,11/12/2020,B.1.36,50,UK/ENG
CAMC-C47432,11/12/2020,B.1.177.9,50,UK/ENG
CAMC-C46DDE,11/12/2020,B.1.1.7,50,UK/ENG
CAMC-C46DED,11/12/2020,B.1.1.7,50,UK/ENG
CAMC-C46DFC,11/12/2020,B.1.1.7,50,UK/ENG
CAMC-C47405,11/12/2020,B.1.1.7,50,UK/ENG
CAMC-C47414,11/12/2020,B.1.1.7,50,UK/ENG
CAMC-C47423,11/12/2020,B.1.1.7,50,UK/ENG
CAMC-C47441,11/12/2020,B.1.1.7,50,UK/ENG
CAMC-C47A5E,11/12/2020,B.1.1.7,50,UK/ENG
CAMC-C47A12,11/12/2020,B.1.1.7,50,UK/ENG
CAMC-C479D9,11/12/2020,B.1.1.7,50,UK/ENG
NORW-F8742,11/12/2020,B.1.177.16,50,UK/ENG
NORW-21FA77,11/12/2020,B.1.177,50,UK/ENG
NORW-21FE5D,11/12/2020,B.1.177,50,UK/ENG
NORW-21FF2D,11/12/2020,B.1.177,50,UK/ENG
NORW-21FF4B,11/12/2020,B.1.177,50,UK/ENG
NORW-FA081,11/12/2020,B.1.177,50,UK/ENG
CAMC-C46D92,11/12/2020,B.1.177,50,UK/ENG
CAMC-C479E8,11/12/2020,B.1.177.6,50,UK/ENG
CAMC-C479F7,11/12/2020,B.1.177.6,50,UK/ENG
CAMC-C47A21,11/12/2020,B.1.177.6,50,UK/ENG
CAMC-C47A4F,11/12/2020,B.1.177.4,50,UK/ENG
CAMC-C47A6D,11/12/2020,B.1.1.37,50,UK/ENG
CAMB-A977F0,12/12/2020,B.1.177.6,50,UK/ENG
CAMB-A97893,12/12/2020,B.1.177.6,50,UK/ENG
CAMB-A97C00,12/12/2020,B.1.177.6,50,UK/ENG
NORW-220C40,12/12/2020,B.1.36.1,50,UK/ENG
NORW-F85A2,12/12/2020,B.1.36,50,UK/ENG
NORW-F8627,12/12/2020,B.1.177.16,50,UK/ENG
NORW-F86DC,12/12/2020,B.1.177,50,UK/ENG
CAMB-A97BC7,13/12/2020,B.1.1.7,51,UK/ENG
CAMB-A97DB2,13/12/2020,B.1.177.6,51,UK/ENG
CAMB-A97DC1,13/12/2020,B.1.177.6,51,UK/ENG
NORW-21FF0F,13/12/2020,B.1.177,51,UK/ENG
CAMB-A97D49,14/12/2020,B.1.1.7,51,UK/ENG
CAMB-A97DA3,14/12/2020,B.1.1.7,51,UK/ENG
CAMB-A97B12,14/12/2020,B.1.177.6,51,UK/ENG
NORW-21FA0E,14/12/2020,B.1.36,51,UK/ENG
NORW-F9E5B,14/12/2020,B.1.36,51,UK/ENG
NORW-F9E00,14/12/2020,B.1,51,UK/ENG
NORW-21F94D,14/12/2020,B.1.1.7,51,UK/ENG
NORW-21FE8A,14/12/2020,B.1.177,51,UK/ENG
NORW-F9D9A,14/12/2020,B.1.177,51,UK/ENG
NORW-F9F94,14/12/2020,B.1.177,51,UK/ENG
CAMB-A97EEC,15/12/2020,B.1.177,51,UK/ENG
CAMB-A97F43,15/12/2020,B.1.1.7,51,UK/ENG
CAMB-A97CF1,15/12/2020,B.1.1.7,51,UK/ENG
CAMB-A97D1C,15/12/2020,B.1.177.6,51,UK/ENG
NORW-220BE9,16/12/2020,B.1.177,51,UK/ENG
ALDP-C89276,16/12/2020,B.1.177,51,UK/ENG
NORW-2211E6,16/12/2020,B.1.177,51,UK/ENG
MILK-CA98D8,17/12/2020,B.1.1.7,51,UK/ENG
CAMC-C824D1,17/12/2020,B.1.177,51,UK/ENG
MILK-CA6BC3,18/12/2020,B.1.1.7,51,UK/ENG
NORW-221A81,18/12/2020,B.1.1.7,51,UK/ENG
MILK-CA6BF0,18/12/2020,B.1.1.7,51,UK/ENG
NORW-222C99,19/12/2020,B.1.36,51,UK/ENG
NORW-222CB7,19/12/2020,B.1.177,51,UK/ENG
NORW-222D87,19/12/2020,B.1.177,51,UK/ENG
NORW-222BAB,21/12/2020,B.1.177,52,UK/ENG